Source,Label,Query,Gold language,Predicted language,Correct
sample,1,my assignment is not going well who do I contact,en,en,yes
sample,2,Swansea College of Art location,en,en,yes
sample,3,ffioedd y flwyddyn,cy,cy,yes
sample,4,cymorth dyslecsia,cy,cy,yes
sample,5,when does applications close,en,en,yes
sample,6,sut mae ymgeisio,cy,cy,yes
sample,7,can I talk to a staff member about my assignment,en,en,yes
sample,8,campws Llambed PCYDDS,cy,cy,yes
sample,9,I need to speak to someone at UWTSD,en,en,yes
sample,10,pa swydd,cy,en,no
sample,11,ailosod cyfrinair PCYDDS,cy,cy,yes
sample,12,ble alla i fyw fel myfyriwr yn PCYDDS,cy,cy,yes
sample,13,ble alla i ddod o hyd i e-bost,cy,cy,yes
sample,14,password reset,en,en,yes
sample,15,yn teimlo'n bryderus,cy,cy,yes
sample,16,pa gyrsiau ôl raddedig sydd ar gael yn PCYDDS,cy,cy,yes
sample,17,sports scholarship,en,en,yes
sample,18,I need money urgently,en,en,yes
sample,19,where can I print,en,en,yes
sample,20,a oes gan PCYDDS flwyddyn sylfaen,cy,cy,yes
sample,21,virtual learning environment,en,en,yes
sample,22,oes llety ar gampws Caerfyrddin,cy,cy,yes
sample,23,dont want to be alive,en,en,yes
sample,24,how do I get feedback on my project,en,en,yes
sample,25,how much are the fees for home students?,en,en,yes
sample,26,can I still get into university,en,en,yes
sample,27,student wellbeing service,en,en,yes
sample,28,sut mae cael mynediad i bopeth ar lein,cy,cy,yes
sample,29,beth sy'n digwydd os dw i'n teimlo fel lladd fy hun heno?,cy,cy,yes
sample,30,I don't know what to do after uni,en,en,yes
sample,31,who can I talk to if I am struggling,en,en,yes
sample,32,ardderchog diolch,cy,cy,yes
sample,33,year in industry,en,en,yes
sample,34,how do I apply for my graduation ceremony,en,en,yes
sample,35,ymgeisio am gwrs,cy,cy,yes
sample,36,sut mae talu r ffioedd dysgu fel myfyriwr o Gymru,cy,cy,yes
sample,37,sut mae cysylltu â fy ngoruchwyliwr traethawd hir,cy,cy,yes
sample,38,sut i wneud cais,cy,cy,yes
sample,39,sut i reoli pryder yn ystod cyfnod arholiadau,cy,cy,yes
sample,40,rwy'n graddio eleni — sut mae cofrestru ar gyfer y seremoni raddio,cy,cy,yes
sample,41,beth sydd ar gampws Llambed,cy,cy,yes
sample,42,sut i argraffu,cy,cy,yes
sample,43,pwy all fy helpu gyda fy ngradd,cy,cy,yes
sample,44,study schedule help,en,en,yes
sample,45,support for dyspraxia,en,en,yes
sample,46,How much are postgraduate fees for home students?,en,en,yes
sample,47,pa mor ddrud yw astudio yn PCYDDS fel myfyriwr rhyngwladol,cy,cy,yes
sample,48,gwneud cais am gwrs PCYDDS,cy,cy,yes
sample,49,beth yw llawn enw PCYDDS,cy,cy,yes
sample,50,pam alla i ddim gweld fy modiwlau ar Moodle,cy,cy,yes
sample,51,a allaf ymgeisio am fenthyciad cynhaliaeth,cy,cy,yes
sample,52,sut mae ymgeisio am gwrs TAR,cy,cy,yes
sample,53,sut mae gwneud cais i gronfa galedi,cy,cy,yes
sample,54,pwy ddylwn i gysylltu â nhw,cy,cy,yes
sample,55,sut mae ad dalu benthyciad myfyrwyr,cy,cy,yes
sample,56,gap year then apply,en,en,yes
sample,57,dw i n cael trafferth ymdopi â r llwyth gwaith,cy,cy,yes
sample,58,sut hwyl,cy,cy,yes
sample,59,a oes ariannu ar gael ar gyfer ôl raddedigion,cy,cy,yes
sample,60,carmarthen library address,en,en,yes
sample,61,how to apply for scholarship,en,en,yes
sample,62,nice one,en,en,yes
sample,63,dyddiadau seremoni raddio PCYDDS,cy,cy,yes
sample,64,I am graduating this year — how do I register for the ceremony,en,en,yes
sample,65,sut mae dechrau cais UCAS,cy,cy,yes
sample,66,dw i n cael trafferth gyda deunydd y cwrs,cy,cy,yes
sample,67,I want to check if I have done my project correctly,en,en,yes
sample,68,ble mae r llyfrgell,cy,cy,yes
sample,69,gofynion lefel a,cy,cy,yes
sample,70,I want to hurt myself,en,en,yes
sample,71,sut mae cyrraedd Abertawe ar drên,cy,cy,yes
sample,72,llyfrgell,cy,cy,yes
sample,73,is there a human I can talk to,en,en,yes
sample,74,how much does a masters cost for UK students?,en,en,yes
sample,75,dissertation support,en,en,yes
sample,76,sut mae archebu lle ar ddiwrnod agored PCYDDS,cy,cy,yes
sample,77,tuition fees Wales England,en,en,yes
sample,78,speak with an agent,en,en,yes
sample,79,bywyd cymdeithasol PCYDDS,cy,cy,yes
sample,80,dychwelyd i addysg,cy,cy,yes
sample,81,citation help,en,en,yes
sample,82,oriau llyfrgell Abertawe,cy,cy,yes
sample,83,faint yw llety,cy,cy,yes
sample,84,a allaf siarad ag aelod o staff am fy aseiniad,cy,cy,yes
sample,85,library at carmarthen campus,en,en,yes
sample,86,How much are the fees for international postgraduate students?,en,en,yes
sample,87,cais tramor,cy,cy,yes
sample,88,pa gyrsiau ôl-raddedig sydd ar gael yn PCYDDS,cy,cy,yes
sample,89,campws dinas abertawe,cy,cy,yes
sample,90,sut mae cysylltu â gwasanaethau myfyrwyr,cy,cy,yes
sample,91,angen siarad â rhywun am fy iechyd meddwl,cy,cy,yes
sample,92,study in wales as international,en,en,yes
sample,93,dw i eisiau siarad â rhywun byw,cy,cy,yes
sample,94,what do you know about,en,en,yes
sample,95,cyrsiau amser llawn PCYDDS,cy,cy,yes
sample,96,how much are halls,en,en,yes
sample,97,dw i n teimlo n llethu,cy,cy,yes
sample,98,cymorth argyfwng,cy,cy,yes
sample,99,a oes llety hunangynhwysol ar gael,cy,cy,yes
sample,100,amserlen myfyrwyr PCYDDS,cy,cy,yes
