Query ID,Query,Query language,Source rank,Title,Category,Source language,URL,In knowledge base,UWTSD domain,HTTP status,Excerpt
1,my assignment is not going well who do I contact,en,1,dissertation_support,Student Support And Wellbeing,en,https://www.uwtsd.ac.uk/study/experience-and-facilities/student-support-and-wellbeing,yes,yes,200,It sounds like you're working on your dissertation — that's a big undertaking and it's completely normal to need some guidance! Your dissertation supe
1,my assignment is not going well who do I contact,en,2,Kirsty Jones-Higginson - BSc Criminology and Policing | University of Wales Trinity Saint David,Kirsty Jones,en,https://www.uwtsd.ac.uk/experience-facilities/student-stories/law-criminology-and-policing-student-stories/kirsty-jones,yes,yes,200,. As well as spending most of my free time walking or going to the gym. What do you hope to do when you graduate? In the future I hope to pursue a car
1,my assignment is not going well who do I contact,en,3,Postgraduate Research Applications | University of Wales Trinity Saint David,Postgraduate Research Applications,en,https://www.uwtsd.ac.uk/apply/postgraduate/postgraduate-research-applications,yes,yes,200,". Applications are considered on their individual merits. Finding a Supervisor If you are applying for one of our Professional Doctorates, or Masters"
2,Swansea College of Art location,en,1,Summer Degree Shows | University of Wales Trinity Saint David,Summer Degree Shows,en,https://www.uwtsd.ac.uk/summer-degree-shows,yes,yes,200,. Find Your People Swansea College of Art Swansea College of Art: An Art School Experience In A Contemporary University. Creative Industries Carmarthe
2,Swansea College of Art location,en,2,Summer Degree Shows 2025 | University of Wales Trinity Saint David,Summer Degree Shows 2025,en,https://www.uwtsd.ac.uk/summer-degree-shows-2025,yes,yes,200,. Previous slide Next slide Find Your People Swansea College of Art Swansea College of Art: An Art School Experience In A Contemporary University. Cre
2,Swansea College of Art location,en,3,Swansea College of Art: About Us | University of Wales Trinity Saint David,Swansea College Art About Us,en,https://www.uwtsd.ac.uk/swansea-college-of-art/swansea-college-art-about-us,yes,yes,200,. Our Art College Community Swansea College of Art is a closeknit campus within a wider university; big enough to offer you the space you need and sma
3,ffioedd y flwyddyn,cy,1,fees_and_finance,Fees And Finance,cy,https://www.uwtsd.ac.uk/study/fees-and-finance,yes,yes,200,"Ffioedd israddedig amser llawn: £9,535 y flwyddyn am 2025/26. Ffioedd ôl-radd addysgu: £7,800 ar y campws neu £6,800 ar-lein. Mae ffioedd rhyngwladol"
3,ffioedd y flwyddyn,cy,2,fees_tuition,Tuition Fee Schedule,cy,https://www.uwtsd.ac.uk/study/fees-and-finance/tuition-fee-schedule,yes,yes,200,"Mae ffioedd dysgu ym PCYDDS ar gyfer myfyrwyr cartref (DU) ar hyn o bryd yn £9,000 y flwyddyn ar gyfer y rhan fwyaf o gyrsiau israddedig amser llawn."
4,cymorth dyslecsia,cy,1,wellbeing_general,Student Support And Wellbeing,cy,https://www.uwtsd.ac.uk/study/experience-and-facilities/student-support-and-wellbeing,yes,yes,200,Cysylltwch â Gwasanaeth Lles PCYDDS — maent yn darparu cwnsela cyfrinachol am ddim a chymorth iechyd meddwl. E-bostiwch wellbeingsupport@uwtsd.ac.uk i
4,cymorth dyslecsia,cy,2,wellbeing_disability,Disability Support,cy,https://www.uwtsd.ac.uk/study/experience-facilities/student-support-wellbeing/disability-support,yes,yes,200,"Mae tîm CCYA ym PCYDDS yn cefnogi myfyrwyr â: dyslecsia, ADHD, awtistiaeth, anableddau corfforol, cyflyrau iechyd meddwl, a mwy. Mae cymorth yn gyfrin"
5,when does applications close,en,1,Register Your Interest for  Clearing 2026 | Get Updates & Advice,Clearing,en,https://www.uwtsd.ac.uk/clearing,yes,yes,200,. Applying through Clearing Learn what happens when you’re ready to apply. MAKE YOUR MOVE MAKE YOUR MOVE Whether it’s your first step or a new start —
5,when does applications close,en,2,Graduate Outcomes Survey | University of Wales Trinity Saint David,Graduate Outcomes Survey,en,https://www.uwtsd.ac.uk/alumni/graduate-outcomes-survey,yes,yes,200,. End date of course Survey period August – October 2024 December 2025 – February 2026 November 2024 – January 2025 March – May 2026 February – April
5,when does applications close,en,3,Disclosure and Barring Service (DBS) Checks | University of Wales Trinity Saint David,Disclosure And Barring Service Dbs Checks,en,https://www.uwtsd.ac.uk/apply/undergraduate/criminal-convictions/disclosure-and-barring-service-dbs-checks,yes,yes,200,. This will be required when registering for the online service. How much does a DBS cost? The cost of applying for a DBS is currently £66.33 which is
7,can I talk to a staff member about my assignment,en,1,Postgraduate Research Applications | University of Wales Trinity Saint David,Postgraduate Research Applications,en,https://www.uwtsd.ac.uk/apply/postgraduate/postgraduate-research-applications,yes,yes,200,". Applications are considered on their individual merits. Finding a Supervisor If you are applying for one of our Professional Doctorates, or Masters"
7,can I talk to a staff member about my assignment,en,2,Reporting to the University | University of Wales Trinity Saint David,Reporting University,en,https://www.uwtsd.ac.uk/study/experience-and-facilities/student-support-and-wellbeing/reporting-university,yes,yes,200,". A disclosure does not launch any kind of formal process, and it does not need to include specific detail. You can disclose to anyone – a friend, fel"
7,can I talk to a staff member about my assignment,en,3,Wales Institute of Science and Art | University of Wales Trinity Saint David,Wisa,en,https://www.uwtsd.ac.uk/about/our-institutes/wisa,yes,yes,200,". Our Staff Explore our staff profiles to learn about the expertise, achievements, and professional journeys of the academics who shape and teach our"
8,campws Llambed PCYDDS,cy,1,campus_locations,Campuses,cy,https://www.uwtsd.ac.uk/campuses,yes,yes,200,"Mae gan PCYDDS chwe champws: Aberteifi (prif campws), Abertawe, Llambed, Caerdydd, Llundain, ac Birmingham. Mae gwahanol raglenni ar gael mewn gwahano"
8,campws Llambed PCYDDS,cy,2,accommodation_general,Accommodation,cy,https://www.uwtsd.ac.uk/study/experience-and-facilities/accommodation,yes,yes,200,Mae PCYDDS yn cynnig llety myfyrwyr ar sawl campws. Ymgeisiwch drwy HallPad ar uwtsd.ac.uk/accommodation. Mae ystafelloedd ar gael yng Nghaerfyrddin a
8,campws Llambed PCYDDS,cy,3,admissions_foundation,Applying Foundation Degree,cy,https://www.uwtsd.ac.uk/apply/undergraduate/applying-foundation-degree,yes,yes,200,Mae PCYDDS yn cynnig rhaglenni Blwyddyn Sylfaen ar gyfer myfyrwyr nad ydynt yn bodloni'r gofynion mynediad safonol. Ar ôl cwblhau'r Flwyddyn Sylfaen y
9,I need to speak to someone at UWTSD,en,1,contact_general,Contact Us,en,https://www.uwtsd.ac.uk/contact-us,yes,yes,200,"Main UWTSD contact: Phone 01267 676767, website uwtsd.ac.uk, email enquiries@uwtsd.ac.uk. For a specific member of staff, search the staff directory a"
9,I need to speak to someone at UWTSD,en,2,Clearing 2026 | Apply Now & Secure Your University Place,Get University Place Through Clearing,en,https://www.uwtsd.ac.uk/clearing/get-university-place-through-clearing,yes,yes,200,". If you are supporting someone through Clearing, you can help by: reassuring them it’s okay to take time to decide encouraging them to speak directly"
9,I need to speak to someone at UWTSD,en,3,Find a Course Through  Clearing 2026 | Search & Apply,Find Course Through Clearing,en,https://www.uwtsd.ac.uk/clearing/find-course-through-clearing,yes,yes,200,. Not sure yet You don't need to decide straight away. Take time to explore your options Look at courses in your own time Speak to us if you'd like gu
10,pa swydd,cy,1,Careers Service | University of Wales Trinity Saint David,Careers Service,en,https://www.uwtsd.ac.uk/study/experience-and-facilities/student-support-and-wellbeing/careers-service,yes,yes,200,". Tailored employability events , such as networking sessions and “Meet the Professional” talks, where you can hear from alumni and employers and gain"
10,pa swydd,cy,2,staff_contact_query,Contact Us,en,https://www.uwtsd.ac.uk/contact-us,yes,yes,200,"Absolutely! UWTSD has great in-person support. For academic help, start with your Personal Tutor (find them on MyTSD at mytsd.uwtsd.ac.uk). For wellbe"
10,pa swydd,cy,3,Summer Show: Surface Pattern and Textiles | University of Wales Trinity Saint David,Summer Show Surface Pattern And Textiles,en,https://www.uwtsd.ac.uk/summer-degree-shows-2025/summer-show-surface-pattern-and-textiles,yes,yes,200,". In doing so you have produced beautiful work. Wherever you go next, we know you are going to thrive, we hope you will keep in touch with us, and alw"
11,ailosod cyfrinair PCYDDS,cy,1,contact_general,Contact Us,cy,https://www.uwtsd.ac.uk/contact-us,yes,yes,200,"Prif gyswllt PCYDDS: Ffôn 01267 676767, gwefan pcydds.ac.uk, e-bost enquiries@uwtsd.ac.uk. I gysylltu â darlithydd neu diwtor penodol, edrychwch ar gy"
11,ailosod cyfrinair PCYDDS,cy,2,admissions_apply,How Apply,cy,https://www.uwtsd.ac.uk/study/how-apply,yes,yes,200,"I wneud cais i PCYDDS, gallwch wneud cais yn uniongyrchol trwy pcydds.ac.uk/study neu trwy UCAS (ucas.com) ar gyfer cyrsiau israddedig. Ewch i pcydds."
11,ailosod cyfrinair PCYDDS,cy,3,Swansea Accommodation | University of Wales Trinity Saint David,Swansea Accommodation,en,https://www.uwtsd.ac.uk/study/experience-facilities/accommodation/swansea-accommodation,yes,yes,200,". There is a diverse range of student accommodation available at our Swansea location, from stylish studios to spacious en-suits, all with bills inclu"
12,ble alla i fyw fel myfyriwr yn PCYDDS,cy,1,accommodation_general,Accommodation,cy,https://www.uwtsd.ac.uk/study/experience-and-facilities/accommodation,yes,yes,200,Mae gan PCYDDS lety ar y campws yn Abertawe a Chaerfyrddin. Mae ystafelloedd yn amrywio o safonol i en-suite. Cysylltwch ag accommodation@uwtsd.ac.uk
12,ble alla i fyw fel myfyriwr yn PCYDDS,cy,2,Summer Show: Photography | University of Wales Trinity Saint David,Summer Show Photography,en,https://www.uwtsd.ac.uk/summer-degree-shows/summer-show-photography,yes,yes,200,". Instagram: @photo_graphybyabbie Carys Banfield Destructive Silence Destructive Silence examines the lived experience of mental health, with a partic"
12,ble alla i fyw fel myfyriwr yn PCYDDS,cy,3,Carmarthen Accommodation | University of Wales Trinity Saint David,Carmarthen Accommodation,en,https://www.uwtsd.ac.uk/study/experience-and-facilities/accommodation/carmarthen-accommodation,yes,yes,200,. There are two styles of rooms at our Carmarthen Campus all located in flats of 9 bedrooms sharing a kitchen being:- Ensuite Single room – en-suite r
13,ble alla i ddod o hyd i e-bost,cy,1,contact_general,Contact Us,cy,https://www.uwtsd.ac.uk/contact-us,yes,yes,200,Prif gysylltiadau PCYDDS: Ymholiadau cyffredinol: 01267 676767 neu enquiries@uwtsd.ac.uk. Derbyniadau: admissions@uwtsd.ac.uk. Gwasanaethau Myfyrwyr:
13,ble alla i ddod o hyd i e-bost,cy,2,Ymchwil | Prifysgol Cymru Y Drindod Dewi Sant,Ymchwil,cy,https://www.uwtsd.ac.uk/cy/ymchwil,yes,yes,200,"Ymchwil Scroll down Yn Ymdrechu i Ymgysylltu, Bob Amser yn Arloesol Mae ymchwil y Brifysgol yn cwmpasu disgyblaethau peirianneg, gwyddor gymdeithasol,"
13,ble alla i ddod o hyd i e-bost,cy,3,Summer Show: Surface Pattern and Textiles | University of Wales Trinity Saint David,Summer Show Surface Pattern And Textiles,en,https://www.uwtsd.ac.uk/summer-degree-shows-2025/summer-show-surface-pattern-and-textiles,yes,yes,200,". In doing so you have produced beautiful work. Wherever you go next, we know you are going to thrive, we hope you will keep in touch with us, and alw"
14,password reset,en,1,Carmarthen Accommodation | University of Wales Trinity Saint David,Carmarthen Accommodation,en,https://www.uwtsd.ac.uk/study/experience-and-facilities/accommodation/carmarthen-accommodation,yes,yes,200,". New Students will need to register on Hallpad, you will need your student number and date of birth. Once registered you will then be able to complet"
14,password reset,en,2,Postgraduate Research Applications | University of Wales Trinity Saint David,Postgraduate Research Applications,en,https://www.uwtsd.ac.uk/apply/postgraduate/postgraduate-research-applications,yes,yes,200,". When you start your application, you will be emailed with a password so that you can log in at any time to complete your application. There are 3 st"
15,yn teimlo'n bryderus,cy,1,dissertation_support,Student Support And Wellbeing,cy,https://www.uwtsd.ac.uk/study/experience-and-facilities/student-support-and-wellbeing,yes,yes,200,Mae straen traethawd hir yn real iawn — nid chi yw'r unig un sy'n teimlo hyn! Eich pobl allweddol yw: (1) eich goruchwyliwr traethawd hir am arweiniad
15,yn teimlo'n bryderus,cy,2,Ymchwil | Prifysgol Cymru Y Drindod Dewi Sant,Ymchwil,cy,https://www.uwtsd.ac.uk/cy/ymchwil,yes,yes,200,"Ymchwil Scroll down Yn Ymdrechu i Ymgysylltu, Bob Amser yn Arloesol Mae ymchwil y Brifysgol yn cwmpasu disgyblaethau peirianneg, gwyddor gymdeithasol,"
15,yn teimlo'n bryderus,cy,3,Rhyngwladol | Prifysgol Cymru Y Drindod Dewi Sant,Rhyngwladol,cy,https://www.uwtsd.ac.uk/cy/profiad-chyfleusterau/rhyngwladol,yes,yes,200,"Rhyngwladol Scroll down Rhyngwladol Rydym yn credu yng ngrym addysg i drawsnewid, gan uno myfyrwyr o bob cwr o’r byd i gychwyn ar daith o archwilio de"
16,pa gyrsiau ôl raddedig sydd ar gael yn PCYDDS,cy,1,courses_general,Study,cy,https://www.uwtsd.ac.uk/study,yes,yes,200,"Mae gan PCYDDS dros 100 o gyrsiau ar draws ei champysau. Ymwelwch â pcydds.ac.uk/study a hidlwch yn ôl pwnc, lefel, neu gampws."
16,pa gyrsiau ôl raddedig sydd ar gael yn PCYDDS,cy,2,welsh_language,Welsh Opportunities Uwtsd,cy,https://www.uwtsd.ac.uk/study/experience-and-facilities/welsh-opportunities-uwtsd,yes,yes,200,"Mae PCYDDS yn brifysgol ddwyieithog falch. Mae llawer o gyrsiau ar gael trwy gyfrwng y Gymraeg, yn enwedig ar gampysau Caerfyrddin a Llanbedr Pont Ste"
16,pa gyrsiau ôl raddedig sydd ar gael yn PCYDDS,cy,3,admissions_apply,How Apply,cy,https://www.uwtsd.ac.uk/study/how-apply,yes,yes,200,"Mae gwneud cais i PCYDDS yn syml. Ar gyfer y rhan fwyaf o gyrsiau israddedig, gwnewch gais trwy UCAS (ucas.com). Ar gyfer mynediad ôl-raddedig neu uni"
17,sports scholarship,en,1,Sara Gray - BSc (Hons) Sport & Exercise Therapy | University of Wales Trinity Saint David,Sara Gray Bsc,en,https://www.uwtsd.ac.uk/experience-facilities/student-stories/sport-and-physical-activity-student-stories/sara-gray-bsc,yes,yes,200,". This has expanded into international senior football. Furthermore, the course design, competencies and familiarity with the content has enabled me t"
17,sports scholarship,en,2,International Alumni Postgraduate Taught Discount | University of Wales Trinity Saint David,International Alumni,en,https://www.uwtsd.ac.uk/study/fees-and-finance/international-fees/international-funding-and-support/international-alumni,yes,yes,200,. Students already receiving a scholarship from the University for the course onto which they will progress are not eligible for this discount. Studen
17,sports scholarship,en,3,Academy of Sport | University of Wales Trinity Saint David,Academy Sport,en,https://www.uwtsd.ac.uk/study/experience-facilities/sport/academy-sport,yes,yes,200,". However, if there are high performance student athletes that could represent the University at the BUCS championships, please contact the academy. T"
18,I need money urgently,en,1,Undergraduate Funding & Support | University of Wales Trinity Saint David,Undergraduate Funding Support,en,https://www.uwtsd.ac.uk/study/fees-and-finance/undergraduate-fees/undergraduate-funding-support,yes,yes,200,. It can help to plan for essential costs at the start of term. Keep track of your application - Check your student finance account and email. Respond
18,I need money urgently,en,2,Money Support | University of Wales Trinity Saint David,Money Support,en,https://www.uwtsd.ac.uk/study/experience-and-facilities/student-support-and-wellbeing/money-support,yes,yes,200,. You can book a financial 1-2-1 with a Money Support Officer by email The Money Support Team have collated some budgeting guidance and published help
18,I need money urgently,en,3,Ragulan Pulanthitan - Automotive Engineering (BEng) | University of Wales Trinity Saint David,Motorsport Mechanical And Electrical Engineering Student,en,https://www.uwtsd.ac.uk/experience-facilities/student-stories/motorsport-mechanical-and-electrical-engineering-student,yes,yes,200,. I would like to do some travelling and would be open to working abroad. I look forward to the day when I can find a company that has goals I believe
19,where can I print,en,1,Surface Pattern and Textiles Facilities | University of Wales Trinity Saint David,Surface Pattern And Textiles Facilities,en,https://www.uwtsd.ac.uk/swansea-college-of-art/facilities-workshops/surface-pattern-and-textiles-facilities,yes,yes,200,. We have large tables and collaborative spaces where we undertake group sessions or where students can spread out when work needs to be up-scaled. Sc
19,where can I print,en,2,Photography Facilities | University of Wales Trinity Saint David,Photography Facilities,en,https://www.uwtsd.ac.uk/swansea-college-of-art/facilities-workshops/photography-facilities,yes,yes,200,". Digital Printing Our digital print facilities include Epson SureColor P9500 and P3500 printers, enabling high-quality output from A2 printers throug"
20,a oes gan PCYDDS flwyddyn sylfaen,cy,1,courses_general,Study,cy,https://www.uwtsd.ac.uk/study,yes,yes,200,"Mae gan PCYDDS dros 100 o gyrsiau ar draws ei champysau. Ymwelwch â pcydds.ac.uk/study a hidlwch yn ôl pwnc, lefel, neu gampws."
20,a oes gan PCYDDS flwyddyn sylfaen,cy,2,admissions_foundation,Applying Foundation Degree,cy,https://www.uwtsd.ac.uk/apply/undergraduate/applying-foundation-degree,yes,yes,200,Mae PCYDDS yn cynnig rhaglenni Blwyddyn Sylfaen ar gyfer myfyrwyr nad ydynt yn bodloni'r gofynion mynediad safonol. Ar ôl cwblhau'r Flwyddyn Sylfaen y
20,a oes gan PCYDDS flwyddyn sylfaen,cy,3,uwtsd_about,About,cy,https://www.uwtsd.ac.uk/about,yes,yes,200,"Sefydlwyd PCYDDS (Prifysgol Cymru Y Drindod Dewi Sant) yn 2010 drwy uno Coleg Prifysgol y Drindod Caerfyrddin a Phrifysgol Fetropolitan Abertawe, gyda"
21,virtual learning environment,en,1,Illustration Facilities | University of Wales Trinity Saint David,Illustration Facilities,en,https://www.uwtsd.ac.uk/swansea-college-of-art/facilities-workshops/illustration-facilities,yes,yes,200,". It provides a formal environment for undergraduate, postgraduate, and Ph.D. students to exhibit their work in a professional public context. UWTSD I"
21,virtual learning environment,en,2,Fine Art Facilities | University of Wales Trinity Saint David,Fine Art Facilities,en,https://www.uwtsd.ac.uk/swansea-college-of-art/facilities-workshops/fine-art-facilities,yes,yes,200,. Students have access to AV recording and editing hardware and software. Hybrid workshops combining analogue and digital skills allow students to exp
22,oes llety ar gampws Caerfyrddin,cy,1,accommodation_general,Accommodation,cy,https://www.uwtsd.ac.uk/study/experience-and-facilities/accommodation,yes,yes,200,Mae gan PCYDDS lety ar y campws yn Abertawe a Chaerfyrddin. Mae ystafelloedd yn amrywio o safonol i en-suite. Cysylltwch ag accommodation@uwtsd.ac.uk
22,oes llety ar gampws Caerfyrddin,cy,2,campuses_carmarthen,Carmarthen,cy,https://www.uwtsd.ac.uk/carmarthen,yes,yes,200,"Mae campws Caerfyrddin PCYDDS ar fryn uwchben y dref, lleoliad hardd. Mae'n gartref i Addysg, Chwaraeon, Drama, a chyrsiau cyfrwng Cymraeg. Mae llety"
22,oes llety ar gampws Caerfyrddin,cy,3,library_carmarthen,Library,cy,https://www.uwtsd.ac.uk/library,yes,yes,200,"Mae llyfrgell campws Caerfyrddin ar brif gampws Caerfyrddin ar College Road. Cyfeiriad: UWTSD Carmarthen Library, College Road, Carmarthen SA31 3EP."
23,dont want to be alive,en,1,Hollie-Anne Clark - Advanced Vocal Studies (MA) | University of Wales Trinity Saint David,Hollie,en,https://www.uwtsd.ac.uk/experience-facilities/student-stories/performance-dance-and-musical-theatre-student-stories/hollie,yes,yes,200,". But there is no destination, only the journey of seeing where my performing and skills take me, which is the adventure! It’s important to keep focus"
23,dont want to be alive,en,2,Summer Show: Foundation Art and Design | University of Wales Trinity Saint David,Summer Show Foundation Art And Design,en,https://www.uwtsd.ac.uk/summer-degree-shows/summer-show-foundation-art-and-design,yes,yes,200,". Here, gravity is no longer a force, but a memory. Emily Birolini We share the air with the woods and the water with the seas. Like a body, they and"
23,dont want to be alive,en,3,Study | University of Wales Trinity Saint David,Study,en,https://www.uwtsd.ac.uk/study,yes,yes,200,Study Study Scroll down Ready to choose your story? Getting your head around the options open to you can be confusing. We are here to help you make th
24,how do I get feedback on my project,en,1,Freedom of Information | University of Wales Trinity Saint David,Freedom Information,en,https://www.uwtsd.ac.uk/about/governance-and-management/freedom-information,yes,yes,200,". The Freedom of Information Review and Appeal Process If upon receiving a response to a written request for information, you are dissatisfied with th"
24,how do I get feedback on my project,en,2,Rhys Price - Creative Music Technology (BA Hons) | University of Wales Trinity Saint David,Rhys,en,https://www.uwtsd.ac.uk/experience-facilities/student-stories/performance-dance-and-musical-theatre-student-stories/rhys,yes,yes,200,. Revising these songs and seeing how much they improve by using the skills gained is great for seeing how much you’ve improved as a musician. What ar
24,how do I get feedback on my project,en,3,Corporate Governance | University of Wales Trinity Saint David,Corporate Governance,en,https://www.uwtsd.ac.uk/about/governance-and-management/corporate-governance,yes,yes,200,". External Complaints The University welcomes constructive feedback on its activities and recognises that, from time to time, people or organisations"
25,how much are the fees for home students?,en,1,fees_tuition,Tuition Fee Schedule,en,https://www.uwtsd.ac.uk/study/fees-and-finance/tuition-fee-schedule,yes,yes,200,"Tuition fees at UWTSD for home (UK) students are currently £9,000 per year for most full-time undergraduate courses. Welsh students may be eligible fo"
25,how much are the fees for home students?,en,2,fees_and_finance,Fees And Finance,en,https://www.uwtsd.ac.uk/study/fees-and-finance,yes,yes,200,"Full-time undergraduate fees are £9,535 per year for 2025/26. Postgraduate taught fees start at £7,800 on campus or £6,800 online. International fees"
26,can I still get into university,en,1,Martha Lee - Sociology (BSc Hons) | University of Wales Trinity Saint David,Martha Lee Sociology Bsc Hons,en,https://www.uwtsd.ac.uk/experience-facilities/student-stories/sociology-student-stories/martha-lee-sociology-bsc-hons,yes,yes,200,". I haven’t really done any extracurricular activities! What do you hope to do when you graduate? At this stage, I am slightly clueless, but I am cont"
26,can I still get into university,en,2,Troy Wilkinson - Ancient History (PhD) | University of Wales Trinity Saint David,Troy Wilkinson,en,https://www.uwtsd.ac.uk/experience-facilities/student-stories/history-and-archaeology-student-stories/troy-wilkinson,yes,yes,200,". What do you hope to do when you graduate? I am still unsure is the honest answer, 10 years is a long time after all! I hope to be able to utilise th"
26,can I still get into university,en,3,UCAS Extra | University of Wales Trinity Saint David,Ucas Extra,en,https://www.uwtsd.ac.uk/apply/undergraduate/ucas-extra,yes,yes,200,". If you didn’t get a place on a course – whether you didn’t receive offers, declined your offers, or didn’t get the grades you needed – Clearing allo"
27,student wellbeing service,en,1,wellbeing_general,Student Support And Wellbeing,en,https://www.uwtsd.ac.uk/study/experience-and-facilities/student-support-and-wellbeing,yes,yes,200,"Your wellbeing matters at UWTSD. The Student Wellbeing service offers counselling, mental health support, and crisis guidance. Email wellbeingsupport@"
27,student wellbeing service,en,2,Student Hwb | University of Wales Trinity Saint David,Student Hwb,en,https://www.uwtsd.ac.uk/experience-facilities/student-support-wellbeing/student-hwb,yes,yes,200,. Wellbeing Support You may be coming to university with a diagnosed mental health condition or develop difficulties with your mental health or wellbe
28,sut mae cael mynediad i bopeth ar lein,cy,1,Wellbeing Crisis,Student Support And Wellbeing,cy,https://www.uwtsd.ac.uk/study/experience-and-facilities/student-support-and-wellbeing,yes,yes,200,Mae'n wir ddrwg gen i dy fod yn teimlo fel hyn — dwyt ti ddim ar dy ben dy hun ac mae cymorth ar gael nawr. Cysyllta â'r Samariaid ar 116 123 (am ddim
28,sut mae cael mynediad i bopeth ar lein,cy,2,accommodation_general,Accommodation,cy,https://www.uwtsd.ac.uk/study/experience-and-facilities/accommodation,yes,yes,200,Mae gan PCYDDS lety ar y campws yn Abertawe a Chaerfyrddin. Mae ystafelloedd yn amrywio o safonol i en-suite. Cysylltwch ag accommodation@uwtsd.ac.uk
29,beth sy'n digwydd os dw i'n teimlo fel lladd fy hun heno?,cy,1,Rhyngwladol | Prifysgol Cymru Y Drindod Dewi Sant,Rhyngwladol,cy,https://www.uwtsd.ac.uk/cy/profiad-chyfleusterau/rhyngwladol,yes,yes,200,. Ydych chi’n fyfyriwr rhyngwladol sy’n bwriadu astudio mewn gwlad wahanol? Beth am fwrw golwg ar ein hadran Bywyd Myfyrwyr Rhyngwladol lle cewch weld
29,beth sy'n digwydd os dw i'n teimlo fel lladd fy hun heno?,cy,2,Wellbeing Support,Student Support And Wellbeing,cy,https://www.uwtsd.ac.uk/study/experience-and-facilities/student-support-and-wellbeing,yes,yes,200,"Mae Gwasanaeth Lles am ddim PCYDDS ar gael i bob myfyriwr — nid oes angen atgyfeiriad. Os ydych chi'n teimlo'n bryderus, dan straen, wedi llethu, neu'"
30,I don't know what to do after uni,en,1,Applying via UCAS: Undergraduate | University of Wales Trinity Saint David,Applying Ucas Undergraduate,en,https://www.uwtsd.ac.uk/apply/undergraduate/applying-ucas-undergraduate,yes,yes,200,". Applicants who fail to secure a place through UCAS Extra, may apply through UCAS Clearing which begins at the start of July 2026 and continues throu"
30,I don't know what to do after uni,en,2,Nathan Chaplin - Computer Games Design (BA Hons) | University of Wales Trinity Saint David,Nathan Chaplin,en,https://www.uwtsd.ac.uk/experience-facilities/student-stories/film-media-and-animation-student-stories/nathan-chaplin,yes,yes,200,. For this I am very grateful to all academics who taught me. What was your favourite thing about your course? It’s hard to decide as there are so man
30,I don't know what to do after uni,en,3,admissions_deadline,How Apply,en,https://www.uwtsd.ac.uk/study/how-apply,yes,yes,200,Key deadlines: UCAS main deadline is usually 29 January for September entry. UWTSD participates in Clearing from mid-August for students whose results
31,who can I talk to if I am struggling,en,1,Wellbeing Support | University of Wales Trinity Saint David,Wellbeing Support,en,https://www.uwtsd.ac.uk/study/experience-and-facilities/student-support-and-wellbeing/wellbeing-support,yes,yes,200,. Some of the support offered by the Student Assistance Programme can help you with: Stress and Anxiety Debt Education pressures Lifestyle addictions
31,who can I talk to if I am struggling,en,2,Careers Service | University of Wales Trinity Saint David,Careers Service,en,https://www.uwtsd.ac.uk/study/experience-and-facilities/student-support-and-wellbeing/careers-service,yes,yes,200,", Asian, or Minority Ethnic (BAME) community I have caring and/or parental responsibilities I am a refugee or asylum seeker I come from a low-income b"
31,who can I talk to if I am struggling,en,3,Nathan Chaplin - Computer Games Design (BA Hons) | University of Wales Trinity Saint David,Nathan Chaplin,en,https://www.uwtsd.ac.uk/experience-facilities/student-stories/film-media-and-animation-student-stories/nathan-chaplin,yes,yes,200,. For this I am very grateful to all academics who taught me. What was your favourite thing about your course? It’s hard to decide as there are so man
33,year in industry,en,1,Summer Show: Design Crafts | University of Wales Trinity Saint David,Summer Show Design Crafts,en,https://www.uwtsd.ac.uk/summer-degree-shows-2024/summer-show-design-crafts,yes,yes,200,". This year’s graduating cohort have explored a wide range of processes and have specialised in ceramics, stained glass, cast glass, jewellery, mixed"
33,year in industry,en,2,Undergraduate | University of Wales Trinity Saint David,Undergraduate,en,https://www.uwtsd.ac.uk/study/undergraduate,yes,yes,200,Home Study Undergraduate Undergraduate Courses Create the Uni experience you've always wanted Grab your future with both hands with an undergraduate d
33,year in industry,en,3,Term dates | University of Wales Trinity Saint David,Term Dates,en,https://www.uwtsd.ac.uk/about/term-dates,yes,yes,200,2027 23 May 2027 Exam period 10 May 2027 23 May 2027 Graduation Carmarthen 6 July 2027 7 July 2027 Swansea 13 July 2027 14 July 2027 15 July 2027 PGCE
34,how do I apply for my graduation ceremony,en,1,Graduation | University of Wales Trinity Saint David,Graduation,en,https://www.uwtsd.ac.uk/graduation,yes,yes,200,. What shall I do? Contact graduation immediately. The team will check your record and re-send your invitation if appropriate. How do I tell you that
34,how do I apply for my graduation ceremony,en,2,Graduation Costs Bursary | University of Wales Trinity Saint David,Undergraduate Bursaries 8,en,https://www.uwtsd.ac.uk/study/fees-and-finance/undergraduate-fees/undergraduate-funding-support/undergraduate-bursaries/undergraduate-bursaries-8,yes,yes,200,. Criteria/Eligibility To apply for this bursary you need to: be due to graduate from a UWTSD programme and eligible to attend the graduation ceremony
35,ymgeisio am gwrs,cy,1,how_to_apply,How Apply,cy,https://www.uwtsd.ac.uk/study/how-apply,yes,yes,200,"Ar gyfer myfyrwyr israddedig, defnyddiwch UCAS. Ar gyfer cyrsiau ôl-radd, gwneud cais yn uniongyrchol i ni."
35,ymgeisio am gwrs,cy,2,accommodation_general,Accommodation,cy,https://www.uwtsd.ac.uk/study/experience-and-facilities/accommodation,yes,yes,200,Mae neuaddau preswyl ar gael yng Nghaerfyrddin a Llambed. Ewch i uwtsd.ac.uk/accommodation i wirio argaeledd ac ymgeisio drwy HallPad. Am gwestiynau a
35,ymgeisio am gwrs,cy,3,wellbeing_disability,Disability Support,cy,https://www.uwtsd.ac.uk/study/experience-facilities/student-support-wellbeing/disability-support,yes,yes,200,"Mae gan PCYDDS Wasanaeth Cymorth Dysgu Ychwanegol (CCYA) i helpu myfyrwyr ag anableddau, dyslecsia, cyflyrau iechyd meddwl, ac anawsterau dysgu eraill"
36,sut mae talu r ffioedd dysgu fel myfyriwr o Gymru,cy,1,Fees Uk Undergraduate,Tuition Fee Schedule,cy,https://www.uwtsd.ac.uk/study/fees-and-finance/tuition-fee-schedule,yes,yes,200,"Mae myfyrwyr israddedig o'r DU/cartref yn PCYDDS yn talu £9,535 y flwyddyn llawn-amser (2025/26). Mae astudio rhan-amser yn £39 y credyd (fel arfer 60"
36,sut mae talu r ffioedd dysgu fel myfyriwr o Gymru,cy,2,accommodation_cost,Frequently Asked Questions,cy,https://www.uwtsd.ac.uk/study/experience-facilities/accommodation/frequently-asked-questions,yes,yes,200,"Mae prisiau llety ym PCYDDS yn amrywio yn ôl campws a math o ystafell, yn gyffredinol oddeutu £90 i £140 yr wythnos am ystafell safonol mewn neuaddau."
37,sut mae cysylltu â fy ngoruchwyliwr traethawd hir,cy,1,accommodation_general,Accommodation,cy,https://www.uwtsd.ac.uk/study/experience-and-facilities/accommodation,yes,yes,200,Mae gan PCYDDS lety ar y campws yn Abertawe a Chaerfyrddin. Mae ystafelloedd yn amrywio o safonol i en-suite. Cysylltwch ag accommodation@uwtsd.ac.uk
37,sut mae cysylltu â fy ngoruchwyliwr traethawd hir,cy,2,Ymchwil | Prifysgol Cymru Y Drindod Dewi Sant,Ymchwil,cy,https://www.uwtsd.ac.uk/cy/ymchwil,yes,yes,200,". Sgiliau Lefel Uchel, DPP a Dysgu Gydol Oes: darparu rhaglenni lefel uwch wedi’u seilio ar ymchwil i gefnogi’r gwaith o ddatblygu gweithlu a chymdeit"
37,sut mae cysylltu â fy ngoruchwyliwr traethawd hir,cy,3,Wellbeing Crisis,Student Support And Wellbeing,cy,https://www.uwtsd.ac.uk/study/experience-and-facilities/student-support-and-wellbeing,yes,yes,200,Mae'n wir ddrwg gen i dy fod yn teimlo fel hyn — dwyt ti ddim ar dy ben dy hun ac mae cymorth ar gael nawr. Cysyllta â'r Samariaid ar 116 123 (am ddim
38,sut i wneud cais,cy,1,How To Apply,How Apply,cy,https://www.uwtsd.ac.uk/study/how-apply,yes,yes,200,"I wneud cais am gwrs israddedig yn PCYDDS, gwnewch gais drwy UCAS ar ucas.com gan ddefnyddio cod sefydliad T80. Ar gyfer cyrsiau ôl-raddedig, gwnewch"
38,sut i wneud cais,cy,2,Photography Facilities | University of Wales Trinity Saint David,Photography Facilities,cy,https://www.uwtsd.ac.uk/swansea-college-of-art/facilities-workshops/photography-facilities,yes,yes,200,. Letterpress Our letterpress workshop allows you to explore traditional typographic processes using physical type and presses. You’ll explore physica
39,sut i reoli pryder yn ystod cyfnod arholiadau,cy,1,Summer Show: Photography | University of Wales Trinity Saint David,Summer Show Photography,cy,https://www.uwtsd.ac.uk/summer-degree-shows-2024/summer-show-photography,yes,yes,200,". Instagram @ffotobrewst Zee Ahmed Ahmed’s immersive installation, (احساس – Ehsaas ), explores the internal struggle between the primal and rational a"
39,sut i reoli pryder yn ystod cyfnod arholiadau,cy,2,wellbeing_disability,Disability Support,cy,https://www.uwtsd.ac.uk/study/experience-facilities/student-support-wellbeing/disability-support,yes,yes,200,"Mae gan PCYDDS Wasanaeth Cymorth Dysgu Ychwanegol (CCYA) i helpu myfyrwyr ag anableddau, dyslecsia, cyflyrau iechyd meddwl, ac anawsterau dysgu eraill"
39,sut i reoli pryder yn ystod cyfnod arholiadau,cy,3,admissions_deadline,How Apply,cy,https://www.uwtsd.ac.uk/study/how-apply,yes,yes,200,Dyddiad cau allweddol: Y prif ddyddiad cau UCAS fel arfer yw 29 Ionawr ar gyfer mynediad ym mis Medi. Mae PCYDDS yn cymryd rhan mewn Clirio o ganol mi
40,rwy'n graddio eleni — sut mae cofrestru ar gyfer y seremoni raddio,cy,1,graduation,Graduation,cy,https://www.uwtsd.ac.uk/graduation,yes,yes,200,Mae seremonïau graddio PCYDDS fel arfer yn cael eu cynnal yn yr haf (Gorffennaf) a'r gaeaf (Rhagfyr/Ionawr). Byddwch yn derbyn gwahoddiad pan fyddwch
40,rwy'n graddio eleni — sut mae cofrestru ar gyfer y seremoni raddio,cy,2,admissions_deadline,How Apply,cy,https://www.uwtsd.ac.uk/study/how-apply,yes,yes,200,Y prif ddyddiad cau UCAS ar gyfer y rhan fwyaf o gyrsiau israddedig fel arfer yw diwedd Ionawr ar gyfer mynediad ym mis Medi. Mae PCYDDS hefyd yn derb
40,rwy'n graddio eleni — sut mae cofrestru ar gyfer y seremoni raddio,cy,3,courses_education,Study,cy,https://www.uwtsd.ac.uk/study,yes,yes,200,Mae hyfforddiant athrawon ym PCYDDS wedi'i leoli'n bennaf ar gampws Caerfyrddin. Gallwch hyfforddi i ddysgu mewn ysgolion cyfrwng Cymraeg neu Saesneg.
41,beth sydd ar gampws Llambed,cy,1,library_lampeter,Library,cy,https://www.uwtsd.ac.uk/library,yes,yes,200,"Mae gan Llambed Lyfrgell y Sylfaenwyr yn UWTSD Lampeter, College Street, Lampeter SA48 7ED."
41,beth sydd ar gampws Llambed,cy,2,Campus Lampeter Location,Campuses,cy,https://www.uwtsd.ac.uk/campuses,yes,yes,200,"Mae campws Llambed PCYDDS ar Stryd y Coleg, Llambed, SA48 7ED. Dyma gampws gwreiddiol hanesyddol y brifysgol, a sefydlwyd yn 1822, ac mae Llyfrgell y"
41,beth sydd ar gampws Llambed,cy,3,admissions_foundation,Applying Foundation Degree,cy,https://www.uwtsd.ac.uk/apply/undergraduate/applying-foundation-degree,yes,yes,200,"Mae Blwyddyn Sylfaen PCYDDS yn gam gwych i mewn i'r brifysgol. Ar ôl pasio, byddwch yn symud yn uniongyrchol i Flwyddyn 1. Gofynnwch i dderbyniadau ar"
42,sut i argraffu,cy,1,Wellbeing Crisis,Student Support And Wellbeing,cy,https://www.uwtsd.ac.uk/study/experience-and-facilities/student-support-and-wellbeing,yes,yes,200,Mae'n wir ddrwg gen i dy fod yn teimlo fel hyn — dwyt ti ddim ar dy ben dy hun ac mae cymorth ar gael nawr. Cysyllta â'r Samariaid ar 116 123 (am ddim
42,sut i argraffu,cy,2,Ymchwil | Prifysgol Cymru Y Drindod Dewi Sant,Ymchwil,cy,https://www.uwtsd.ac.uk/cy/ymchwil,yes,yes,200,". Sgiliau Lefel Uchel, DPP a Dysgu Gydol Oes: darparu rhaglenni lefel uwch wedi’u seilio ar ymchwil i gefnogi’r gwaith o ddatblygu gweithlu a chymdeit"
42,sut i argraffu,cy,3,Graduation,Graduation,cy,https://www.uwtsd.ac.uk/graduation,yes,yes,200,"Llongyfarchiadau ar raddio! Mae PCYDDS yn cynnal seremonïau graddio yn yr haf (Gorffennaf) a'r gaeaf (Rhagfyr/Ionawr). Pan fyddi wedi cwblhau dy radd,"
43,pwy all fy helpu gyda fy ngradd,cy,1,human_agent,Contact Us,cy,https://www.uwtsd.ac.uk/contact-us,yes,yes,200,Nid yw cymorth asiant byw yn rhywbeth y gallaf ei ddarparu eto — mae U-Pal yn gynorthwyydd awtomatig ac mae'r gallu hwn wedi'i gynllunio ar gyfer datb
43,pwy all fy helpu gyda fy ngradd,cy,2,Ymchwil | Prifysgol Cymru Y Drindod Dewi Sant,Ymchwil,cy,https://www.uwtsd.ac.uk/cy/ymchwil,yes,yes,200,". Sgiliau Lefel Uchel, DPP a Dysgu Gydol Oes: darparu rhaglenni lefel uwch wedi’u seilio ar ymchwil i gefnogi’r gwaith o ddatblygu gweithlu a chymdeit"
43,pwy all fy helpu gyda fy ngradd,cy,3,career_services,Careers Service,cy,https://www.uwtsd.ac.uk/study/experience-and-facilities/student-support-and-wellbeing/careers-service,yes,yes,200,"Mae gan PCYDDS wasanaeth Gyrfaoedd a Chyflogadwyedd i'ch helpu gyda chwilio am swyddi, ysgrifennu CV, paratoi ar gyfer cyfweliadau, a chynllunio gyrfa"
44,study schedule help,en,1,About the Academy of Sinology | University of Wales Trinity Saint David,About Academy Sinology,en,https://www.uwtsd.ac.uk/sinology/about-academy-sinology,yes,yes,200,". Teaching Schedule (教學時間) The MA programme will span 72 weeks running consecutively, except for the public holidays, in order to provide students wit"
44,study schedule help,en,2,Learning Support | University of Wales Trinity Saint David,Learning Support,en,https://www.uwtsd.ac.uk/study/experience-facilities/student-support-wellbeing/learning-support,yes,yes,200,. Mondays 1-3pm 5-7pm (Welsh support available) Tuesdays 10am–12pm 1pm–3pm 5pm–7pm (Welsh support available) Wednesdays 10am–12pm Thursdays 10am–12pm
44,study schedule help,en,3,Fees and Finance | University of Wales Trinity Saint David,Fees And Finance,en,https://www.uwtsd.ac.uk/study/fees-and-finance,yes,yes,200,"Home Study Fees and Finance Fees and Finance Introduction Studying at university is a valuable investment in your future, and we’re here to help you p"
45,support for dyspraxia,en,1,Careers Service | University of Wales Trinity Saint David,Careers Service,en,https://www.uwtsd.ac.uk/study/experience-and-facilities/student-support-and-wellbeing/careers-service,yes,yes,200,". autism, dyslexia, dyspraxia, ADHD, ADD) I am estranged from my family I am a care leaver and/or have care experience I come from a UK Black, Asian"
45,support for dyspraxia,en,2,Disability Support | University of Wales Trinity Saint David,Disability Support,en,https://www.uwtsd.ac.uk/study/experience-facilities/student-support-wellbeing/disability-support,yes,yes,200,". Our team will support students in applying for Disabled Students’ Allowance (DSA), including access to assessment and diagnosis for Specific Learnin"
46,How much are postgraduate fees for home students?,en,1,Alumni Postgraduate Taught Discount | University of Wales Trinity Saint David,Alumni Postgraduate,en,https://www.uwtsd.ac.uk/study/fees-and-finance/postgraduate-fees/postgraduate-funding-and-support/alumni-postgraduate,yes,yes,200,Home Study Fees and Finance Postgraduate Fees Postgraduate Funding and Support Alumni Postgraduate Taught Discount Alumni Postgraduate Taught Discount
46,How much are postgraduate fees for home students?,en,2,Postgraduate Bursaries | University of Wales Trinity Saint David,Postgraduate Bursaries,en,https://www.uwtsd.ac.uk/study/fees-and-finance/postgraduate-fees/postgraduate-funding-and-support/postgraduate-bursaries,yes,yes,200,Home Study Fees and Finance Postgraduate Fees Postgraduate Funding and Support Postgraduate Bursaries Postgraduate Bursaries Introduction We have a va
46,How much are postgraduate fees for home students?,en,3,fees_and_finance,Fees And Finance,en,https://www.uwtsd.ac.uk/study/fees-and-finance,yes,yes,200,"Full-time undergraduate fees are £9,535 per year for 2025/26. Postgraduate taught fees start at £7,800 on campus or £6,800 online. International fees"
47,pa mor ddrud yw astudio yn PCYDDS fel myfyriwr rhyngwladol,cy,1,Profiad a Chyfleusterau | Prifysgol Cymru Y Drindod Dewi Sant,Profiad Chyfleusterau,cy,https://www.uwtsd.ac.uk/cy/astudio/profiad-chyfleusterau,yes,yes,200,. Mae'r straeon hyn yn dangos sut mae ein rhaglenni'n cefnogi myfyrwyr i gyrraedd eu nod a chael effaith yn eu meysydd dewisol. Pam dewis PCYDDS? Dewc
47,pa mor ddrud yw astudio yn PCYDDS fel myfyriwr rhyngwladol,cy,2,Fees International Undergraduate,Tuition Fee Schedule,cy,https://www.uwtsd.ac.uk/study/fees-and-finance/tuition-fee-schedule,yes,yes,200,"Mae myfyrwyr israddedig rhyngwladol yn PCYDDS yn talu £15,525 y flwyddyn llawn-amser (2025/26). Mae astudio rhan-amser yn £110 y credyd (fel arfer 60"
47,pa mor ddrud yw astudio yn PCYDDS fel myfyriwr rhyngwladol,cy,3,Camau i'r Dyfodol – Phase 3 | University of Wales Trinity Saint David,Camau Ir Dyfodol Phase 3,en,https://www.uwtsd.ac.uk/research/camau-ir-dyfodol/camau-ir-dyfodol-phase-3,yes,yes,200,Home Research Camau i'r Dyfodol Camau i'r Dyfodol – Phase 3 Camau i'r Dyfodol – Phase 3 Call for Schools The Camau i’r Dyfodol project is a collaborat
48,gwneud cais am gwrs PCYDDS,cy,1,admissions_foundation,Applying Foundation Degree,cy,https://www.uwtsd.ac.uk/apply/undergraduate/applying-foundation-degree,yes,yes,200,Mae PCYDDS yn cynnig rhaglenni Blwyddyn Sylfaen ar gyfer myfyrwyr nad ydynt yn bodloni'r gofynion mynediad safonol. Ar ôl cwblhau'r Flwyddyn Sylfaen y
48,gwneud cais am gwrs PCYDDS,cy,2,admissions_apply,How Apply,cy,https://www.uwtsd.ac.uk/study/how-apply,yes,yes,200,"I wneud cais i PCYDDS, gallwch wneud cais yn uniongyrchol trwy pcydds.ac.uk/study neu trwy UCAS (ucas.com) ar gyfer cyrsiau israddedig. Ewch i pcydds."
48,gwneud cais am gwrs PCYDDS,cy,3,postgraduate_courses,Postgraduate,cy,https://www.uwtsd.ac.uk/apply/postgraduate,yes,yes,200,"Mae PCYDDS yn cynnig amrywiaeth o raglenni ôl-radd gan gynnwys graddau Master, cyrsiau PGCE, a graddau ymchwil. Ewch i www.uwtsd.ac.uk/study/postgradu"
49,beth yw llawn enw PCYDDS,cy,1,contact_general,Contact Us,cy,https://www.uwtsd.ac.uk/contact-us,yes,yes,200,"Prif gyswllt PCYDDS: Ffôn 01267 676767, gwefan pcydds.ac.uk, e-bost enquiries@uwtsd.ac.uk. I gysylltu â darlithydd neu diwtor penodol, edrychwch ar gy"
49,beth yw llawn enw PCYDDS,cy,2,library_swansea,Library,cy,https://www.uwtsd.ac.uk/library,yes,yes,200,"Enw llyfrgell campws SA1 Abertawe yw Y Fforwm. Fe'i lleolir ar Island Rd drws nesaf i'r prif faes parcio. Y cyfeiriad llawn: Y Fforwm Library, UWTSD,"
49,beth yw llawn enw PCYDDS,cy,3,english_language_support,English Language Requirements,cy,https://www.uwtsd.ac.uk/study/how-apply/international-applications/english-language-requirements,yes,yes,200,"Mae PCYDDS yn cynnig cymorth iaith Saesneg academaidd trwy'r llyfrgell a thimau Cymorth Dysgu. Mae cymorth yn cynnwys gweithdai ysgrifennu academaidd,"
50,pam alla i ddim gweld fy modiwlau ar Moodle,cy,1,Summer Show: Graphic Design | University of Wales Trinity Saint David,Summer Show Graphic Design,en,https://www.uwtsd.ac.uk/summer-degree-shows-2024/summer-show-graphic-design,yes,yes,200,"Summer Show: Graphic Design Graphic Design Scroll down ""Look through the noise to truly connect"" Looking, and looking deeply is becoming less common t"
50,pam alla i ddim gweld fy modiwlau ar Moodle,cy,2,Summer Show: Photography | University of Wales Trinity Saint David,Summer Show Photography,en,https://www.uwtsd.ac.uk/summer-degree-shows-2025/summer-show-photography,yes,yes,200,"Summer Show: Photography Photography Scroll down MURMUR “The subconscious is ceaselessly murmuring, and it is by listening to these murmurs that one h"
51,a allaf ymgeisio am fenthyciad cynhaliaeth,cy,1,fees_student_loan,Undergraduate Funding Support,cy,https://www.uwtsd.ac.uk/study/fees-and-finance/undergraduate-fees/undergraduate-funding-support,yes,yes,200,"Gall myfyrwyr Cymreig sy'n astudio ym PCYDDS wneud cais i Gyllid Myfyrwyr Cymru am: 1) Benthyciad Ffi Dysgu, 2) Benthyciad Cynhaliaeth. Ymgeisiwch ar"
51,a allaf ymgeisio am fenthyciad cynhaliaeth,cy,2,courses_nursing,Study,cy,https://www.uwtsd.ac.uk/study,yes,yes,200,Mae Nyrsio ym PCYDDS yn cael ei ystyried yn uchel. Mae rhaglenni BSc Nyrsio yn cynnwys lleoliadau clinigol go iawn ar draws GIG Cymru. Gweler pcydds.a
52,sut mae ymgeisio am gwrs TAR,cy,1,courses_education,Study,cy,https://www.uwtsd.ac.uk/study,yes,yes,200,"Mae PCYDDS yn un o sefydliadau hyfforddi athrawon blaenllaw Cymru. Mae cyrsiau'n cynnwys BA Addysg (Cynradd), TAR Cynradd, TAR Uwchradd (pynciau amryw"
52,sut mae ymgeisio am gwrs TAR,cy,2,accommodation_general,Accommodation,cy,https://www.uwtsd.ac.uk/study/experience-and-facilities/accommodation,yes,yes,200,Mae gan PCYDDS lety ar y campws yn Abertawe a Chaerfyrddin. Mae ystafelloedd yn amrywio o safonol i en-suite. Cysylltwch ag accommodation@uwtsd.ac.uk
53,sut mae gwneud cais i gronfa galedi,cy,1,admissions_apply,How Apply,cy,https://www.uwtsd.ac.uk/study/how-apply,yes,yes,200,"Mae gwneud cais i PCYDDS yn syml. Ar gyfer y rhan fwyaf o gyrsiau israddedig, gwnewch gais trwy UCAS (ucas.com). Ar gyfer mynediad ôl-raddedig neu uni"
53,sut mae gwneud cais i gronfa galedi,cy,2,accommodation_general,Accommodation,cy,https://www.uwtsd.ac.uk/study/experience-and-facilities/accommodation,yes,yes,200,Mae gan PCYDDS lety ar y campws yn Abertawe a Chaerfyrddin. Mae ystafelloedd yn amrywio o safonol i en-suite. Cysylltwch ag accommodation@uwtsd.ac.uk
53,sut mae gwneud cais i gronfa galedi,cy,3,courses_education,Study,cy,https://www.uwtsd.ac.uk/study,yes,yes,200,Mae hyfforddiant athrawon ym PCYDDS wedi'i leoli'n bennaf ar gampws Caerfyrddin. Gallwch hyfforddi i ddysgu mewn ysgolion cyfrwng Cymraeg neu Saesneg.
54,pwy ddylwn i gysylltu â nhw,cy,1,Ymchwil | Prifysgol Cymru Y Drindod Dewi Sant,Ymchwil,cy,https://www.uwtsd.ac.uk/cy/ymchwil,yes,yes,200,"Ymchwil Scroll down Yn Ymdrechu i Ymgysylltu, Bob Amser yn Arloesol Mae ymchwil y Brifysgol yn cwmpasu disgyblaethau peirianneg, gwyddor gymdeithasol,"
54,pwy ddylwn i gysylltu â nhw,cy,2,contact_general,Contact Us,cy,https://www.uwtsd.ac.uk/contact-us,yes,yes,200,"Prif gyswllt PCYDDS: Ffôn 01267 676767, gwefan pcydds.ac.uk, e-bost enquiries@uwtsd.ac.uk. I gysylltu â darlithydd neu diwtor penodol, edrychwch ar gy"
54,pwy ddylwn i gysylltu â nhw,cy,3,student_services,Student Hwb,cy,https://www.uwtsd.ac.uk/experience-facilities/student-support-wellbeing/student-hwb,yes,yes,200,"Gwasanaethau Myfyrwyr ym PCYDDS yw eich canolfan cymorth, yn ymdrin â: Lles a chwnsela, Cymorth anabledd a dysgu ychwanegol, Cyngor gyrfaoedd, Caledi"
55,sut mae ad dalu benthyciad myfyrwyr,cy,1,Student Finance,Undergraduate Funding Support,cy,https://www.uwtsd.ac.uk/study/fees-and-finance/undergraduate-fees/undergraduate-funding-support,yes,yes,200,Gall myfyrwyr o Gymru wneud cais am gyllid myfyrwyr (benthyciad ffioedd dysgu a benthyciad cynhaliaeth) drwy Cyllid Myfyrwyr Cymru ar studentfinancewa
55,sut mae ad dalu benthyciad myfyrwyr,cy,2,student_services,Student Hwb,cy,https://www.uwtsd.ac.uk/experience-facilities/student-support-wellbeing/student-hwb,yes,yes,200,Mae Gwasanaethau Myfyrwyr PCYDDS yn ymdrin â bron popeth y tu allan i'ch astudiaethau. Cysylltwch â studentservices@uwtsd.ac.uk. Peidiwch ag oedi cyn
55,sut mae ad dalu benthyciad myfyrwyr,cy,3,Fees Uk Undergraduate,Tuition Fee Schedule,cy,https://www.uwtsd.ac.uk/study/fees-and-finance/tuition-fee-schedule,yes,yes,200,"Mae myfyrwyr israddedig o'r DU/cartref yn PCYDDS yn talu £9,535 y flwyddyn llawn-amser (2025/26). Mae astudio rhan-amser yn £39 y credyd (fel arfer 60"
56,gap year then apply,en,1,Term dates | University of Wales Trinity Saint David,Term Dates,en,https://www.uwtsd.ac.uk/about/term-dates,yes,yes,200,break 30 November 2026 10 January 2027 PG part II Teaching/Research period 7 September 2026 23 December 2026 Term break 24 December 2026 10 January 20
56,gap year then apply,en,2,Strategies and Policies | University of Wales Trinity Saint David,Strategies And Policies,en,https://www.uwtsd.ac.uk/about/governance-and-management/strategies-and-policies,yes,yes,200,", PDF Pay Policy Statement 2020/21 179.8 KB, PDF Pay Policy Statement 2019/20 186.07 KB, PDF Gender Pay Gap Report 31 March 2025 793.1 KB, PDF Gender"
56,gap year then apply,en,3,Placement Bursary | University of Wales Trinity Saint David,Undergraduate Bursaries 10,en,https://www.uwtsd.ac.uk/study/fees-and-finance/undergraduate-fees/undergraduate-funding-support/undergraduate-bursaries/undergraduate-bursaries-10,yes,yes,200,. Where students are unable to meet costs in advance then applications to the Student Financial Support Fund are encouraged. Whilst students can make
57,dw i n cael trafferth ymdopi â r llwyth gwaith,cy,1,admissions_deadline,How Apply,cy,https://www.uwtsd.ac.uk/study/how-apply,yes,yes,200,Y prif ddyddiad cau UCAS ar gyfer y rhan fwyaf o gyrsiau israddedig fel arfer yw diwedd Ionawr ar gyfer mynediad ym mis Medi. Mae PCYDDS hefyd yn derb
57,dw i n cael trafferth ymdopi â r llwyth gwaith,cy,2,wellbeing_general,Student Support And Wellbeing,cy,https://www.uwtsd.ac.uk/study/experience-and-facilities/student-support-and-wellbeing,yes,yes,200,"Mae gan PCYDDS dîm Lles Myfyrwyr pwrpasol i'ch cefnogi drwy unrhyw anawsterau. P'un a ydych chi'n teimlo dan straen, yn bryderus, neu'n cael trafferth"
57,dw i n cael trafferth ymdopi â r llwyth gwaith,cy,3,Rhyngwladol | Prifysgol Cymru Y Drindod Dewi Sant,Rhyngwladol,cy,https://www.uwtsd.ac.uk/cy/profiad-chyfleusterau/rhyngwladol,yes,yes,200,"Rhyngwladol Scroll down Rhyngwladol Rydym yn credu yng ngrym addysg i drawsnewid, gan uno myfyrwyr o bob cwr o’r byd i gychwyn ar daith o archwilio de"
59,a oes ariannu ar gael ar gyfer ôl raddedigion,cy,1,admissions_deadline,How Apply,cy,https://www.uwtsd.ac.uk/study/how-apply,yes,yes,200,Y prif ddyddiad cau UCAS ar gyfer y rhan fwyaf o gyrsiau israddedig fel arfer yw diwedd Ionawr ar gyfer mynediad ym mis Medi. Mae PCYDDS hefyd yn derb
59,a oes ariannu ar gael ar gyfer ôl raddedigion,cy,2,welsh_language,Welsh Opportunities Uwtsd,cy,https://www.uwtsd.ac.uk/study/experience-and-facilities/welsh-opportunities-uwtsd,yes,yes,200,Mae'r Gymraeg wrth galon PCYDDS. Mae'r brifysgol yn cynnig addysgu cyfrwng Cymraeg a dwyieithog ar draws llawer o bynciau. Cysylltwch â cymraeg@uwtsd.
59,a oes ariannu ar gael ar gyfer ôl raddedigion,cy,3,Wellbeing Crisis,Student Support And Wellbeing,cy,https://www.uwtsd.ac.uk/study/experience-and-facilities/student-support-and-wellbeing,yes,yes,200,Mae'n wir ddrwg gen i dy fod yn teimlo fel hyn — dwyt ti ddim ar dy ben dy hun ac mae cymorth ar gael nawr. Cysyllta â'r Samariaid ar 116 123 (am ddim
60,carmarthen library address,en,1,library_carmarthen,Library,en,https://www.uwtsd.ac.uk/library,yes,yes,200,"Carmarthen's library sits on College Road at the heart of the Carmarthen campus. Full address: UWTSD Carmarthen Library, College Road, Carmarthen SA31"
61,how to apply for scholarship,en,1,Alumni Postgraduate Taught Discount | University of Wales Trinity Saint David,Alumni Postgraduate,en,https://www.uwtsd.ac.uk/study/fees-and-finance/postgraduate-fees/postgraduate-funding-and-support/alumni-postgraduate,yes,yes,200,. Students already receiving a scholarship from the University for the course onto which they will progress are not eligible for this discount. Studen
61,how to apply for scholarship,en,2,Postgraduate Funding and Support | University of Wales Trinity Saint David,Postgraduate Funding And Support,en,https://www.uwtsd.ac.uk/study/fees-and-finance/postgraduate-fees/postgraduate-funding-and-support,yes,yes,200,". It’s best to apply early so your funding is in place before your course starts. If you have any questions, our Money Support team is here to support"
61,how to apply for scholarship,en,3,International Alumni Postgraduate Taught Discount | University of Wales Trinity Saint David,International Alumni,en,https://www.uwtsd.ac.uk/study/fees-and-finance/international-fees/international-funding-and-support/international-alumni,yes,yes,200,. Students already receiving a scholarship from the University for the course onto which they will progress are not eligible for this discount. Studen
63,dyddiadau seremoni raddio PCYDDS,cy,1,graduation,Graduation,cy,https://www.uwtsd.ac.uk/graduation,yes,yes,200,Mae seremonïau graddio PCYDDS fel arfer yn cael eu cynnal yn yr haf (Gorffennaf) a'r gaeaf (Rhagfyr/Ionawr). Byddwch yn derbyn gwahoddiad pan fyddwch
63,dyddiadau seremoni raddio PCYDDS,cy,2,contact_general,Contact Us,cy,https://www.uwtsd.ac.uk/contact-us,yes,yes,200,"Prif gyswllt PCYDDS: Ffôn 01267 676767, gwefan pcydds.ac.uk, e-bost enquiries@uwtsd.ac.uk. I gysylltu â darlithydd neu diwtor penodol, edrychwch ar gy"
63,dyddiadau seremoni raddio PCYDDS,cy,3,uwtsd_about,About,cy,https://www.uwtsd.ac.uk/about,yes,yes,200,"Sefydlwyd PCYDDS (Prifysgol Cymru Y Drindod Dewi Sant) yn 2010 drwy uno Coleg Prifysgol y Drindod Caerfyrddin a Phrifysgol Fetropolitan Abertawe, gyda"
64,I am graduating this year — how do I register for the ceremony,en,1,Graduation | University of Wales Trinity Saint David,Graduation,en,https://www.uwtsd.ac.uk/graduation,yes,yes,200,. What shall I do? Contact graduation immediately. The team will check your record and re-send your invitation if appropriate. How do I tell you that
64,I am graduating this year — how do I register for the ceremony,en,2,Jon Langstone - Construction Management (BSc Hons) | University of Wales Trinity Saint David,Jon Langstone,en,https://www.uwtsd.ac.uk/experience-facilities/student-stories/civil-engineering-and-architecture-stories/jon-langstone,yes,yes,200,. I am thoroughly enjoying my new role as a graduate project manager at Burroughs. I am responsible for actively supporting the project management tea
65,sut mae dechrau cais UCAS,cy,1,how_to_apply,How Apply,cy,https://www.uwtsd.ac.uk/study/how-apply,yes,yes,200,"Ar gyfer myfyrwyr israddedig, defnyddiwch UCAS. Ar gyfer cyrsiau ôl-radd, gwneud cais yn uniongyrchol i ni."
65,sut mae dechrau cais UCAS,cy,2,UCAS Extra | University of Wales Trinity Saint David,Ucas Extra,cy,https://www.uwtsd.ac.uk/apply/undergraduate/ucas-extra,yes,yes,200,. UCAS Extra applications are open from February until July. UWTSD UCAS Extra Guide Play video: UCAS Guide - UCAS Extra [English] How does UCAS Extra
65,sut mae dechrau cais UCAS,cy,3,How to Apply Through  Clearing 2026 | Step-by-Step Guide,Applying Through Clearing,cy,https://www.uwtsd.ac.uk/clearing/applying-through-clearing,yes,yes,200,". UCAS ID (if you have one) Exam results A course you're interested in If you're unsure, we'll guide you. 2: When you contact us We'll talk things thr"
66,dw i n cael trafferth gyda deunydd y cwrs,cy,1,Graduation,Graduation,cy,https://www.uwtsd.ac.uk/graduation,yes,yes,200,"Llongyfarchiadau ar raddio! Mae PCYDDS yn cynnal seremonïau graddio yn yr haf (Gorffennaf) a'r gaeaf (Rhagfyr/Ionawr). Pan fyddi wedi cwblhau dy radd,"
66,dw i n cael trafferth gyda deunydd y cwrs,cy,2,admissions_deadline,How Apply,cy,https://www.uwtsd.ac.uk/study/how-apply,yes,yes,200,Y prif ddyddiad cau UCAS ar gyfer y rhan fwyaf o gyrsiau israddedig fel arfer yw diwedd Ionawr ar gyfer mynediad ym mis Medi. Mae PCYDDS hefyd yn derb
66,dw i n cael trafferth gyda deunydd y cwrs,cy,3,financial_support,Undergraduate Funding Support,cy,https://www.uwtsd.ac.uk/study/fees-and-finance/undergraduate-fees/undergraduate-funding-support,yes,yes,200,"Os ydych chi'n cael trafferth yn ariannol, gall y tîm Cymorth Arian helpu. E-bostiwch moneysupport@uwtsd.ac.uk. Mae cronfeydd brys a bwrsariaethau ar"
67,I want to check if I have done my project correctly,en,1,Graduate Outcomes Survey | University of Wales Trinity Saint David,Graduate Outcomes Survey,en,https://www.uwtsd.ac.uk/alumni/graduate-outcomes-survey,yes,yes,200,". It looks to understand whether you are in employment, have continued with further study or are doing something else, and considers to what extent yo"
67,I want to check if I have done my project correctly,en,2,Katrina Peters - Early Years Education and Care (BA Hons) | University of Wales Trinity Saint David,Katrina,en,https://www.uwtsd.ac.uk/experience-facilities/student-stories/youth-work-and-early-years-studies-student-stories/katrina,yes,yes,200,". This network gave me the confidence to put myself first and take more risks. During my study I spent a year working in a family centre, which I woul"
67,I want to check if I have done my project correctly,en,3,Camau i'r Dyfodol | University of Wales Trinity Saint David,Camau Ir Dyfodol,en,https://www.uwtsd.ac.uk/research/camau-ir-dyfodol,yes,yes,200,". Follow the link below to learn more about that project, including both the interim and final report of findings Phase 3 begins The project team is s"
68,ble mae r llyfrgell,cy,1,library,Library,cy,https://www.uwtsd.ac.uk/library,yes,yes,200,"Mae'r llyfrgell yn cynnig llyfrau, e-lyfrau, cyfnodolion, cronfeydd data, a mannau astudio. Cyrchwch y cyfan ar-lein ar library.uwtsd.ac.uk. Angen hel"
69,gofynion lefel a,cy,1,admissions_requirements,Advice Applicants,cy,https://www.uwtsd.ac.uk/apply/undergraduate/advice-applicants,yes,yes,200,Mae gofynion mynediad yn amrywio yn ôl cwrs ym PCYDDS. Mae'r rhan fwyaf o gyrsiau israddedig yn gofyn am 80-120 pwynt UCAS. Mae PCYDDS hefyd yn ystyri
69,gofynion lefel a,cy,2,Constituent College Bursary | University of Wales Trinity Saint David,Constituent College,cy,https://www.uwtsd.ac.uk/study/fees-and-finance/undergraduate-fees/undergraduate-funding-support/undergraduate-bursaries/constituent-college,yes,yes,200,. Criteria/Eligibility You must be an undergraduate home student from Coleg Sir Gar or Coleg Ceredigion who is enrolling on the first year of a full-t
69,gofynion lefel a,cy,3,Safeguarding | University of Wales Trinity Saint David,Safeguarding,cy,https://www.uwtsd.ac.uk/experience-facilities/student-support-wellbeing/wellbeing-support/safeguarding,yes,yes,200,; maintains a Prevent action plan.; has a Prevent Risk Assessment in place
70,I want to hurt myself,en,1,Writing a Personal Statement | University of Wales Trinity Saint David,Writing Personal Statement,en,https://www.uwtsd.ac.uk/apply/undergraduate/writing-personal-statement,yes,yes,200,Home How to Apply Undergraduate Applications Writing a Personal Statement Writing a Personal Statement Tell Us Your Story... A personal statement is y
70,I want to hurt myself,en,2,Emma Knight - Masters in Outdoor Education (MA) | University of Wales Trinity Saint David,Emma Knight,en,https://www.uwtsd.ac.uk/experience-facilities/student-stories/sport-and-physical-activity-student-stories/emma-knight,yes,yes,200,. The course enabled me to talk with confidence and back up what I said with evidence. What is your favourite thing about a Masters in Outdoor Educati
70,I want to hurt myself,en,3,Summer Show: Creative Music Technology | University of Wales Trinity Saint David,Summer Show Creative Music Technology,en,https://www.uwtsd.ac.uk/summer-degree-shows/summer-show-creative-music-technology,yes,yes,200,". Instagram: steff burn cymru TikTok: @steffburncymru Facebook: Scar music 12 Play video: Summer Show: Steff Burn Iwan Chinnock I’m CHINNØX, a hard te"
71,sut mae cyrraedd Abertawe ar drên,cy,1,accommodation_general,Accommodation,cy,https://www.uwtsd.ac.uk/study/experience-and-facilities/accommodation,yes,yes,200,Mae gan PCYDDS lety ar y campws yn Abertawe a Chaerfyrddin. Mae ystafelloedd yn amrywio o safonol i en-suite. Cysylltwch ag accommodation@uwtsd.ac.uk
71,sut mae cyrraedd Abertawe ar drên,cy,2,Campus Mount Pleasant,Swansea,cy,https://www.uwtsd.ac.uk/swansea,yes,yes,200,"Mae campws Mount Pleasant a Choleg Celf Abertawe PCYDDS ar 34 Ffordd Alexandra, Abertawe, SA1 5DU. Mae'r campws o fewn pellter cerdded o ganol y ddina"
71,sut mae cyrraedd Abertawe ar drên,cy,3,Campus Carmarthen Location,Carmarthen,cy,https://www.uwtsd.ac.uk/carmarthen,yes,yes,200,"Mae campws Caerfyrddin PCYDDS ar Heol y Coleg, Caerfyrddin, SA31 3EP. Mae modd cyrraedd yno ar fws ac ar drên — mae gorsaf drên Caerfyrddin gerllaw. A"
72,llyfrgell,cy,1,library_lampeter,Library,cy,https://www.uwtsd.ac.uk/library,yes,yes,200,"Enw llyfrgell Llambed yw Llyfrgell y Sylfaenwyr — llyfrgell hanesyddol ar brif gampws Llambed. Cyfeiriad: UWTSD Lampeter Founders Library, College Str"
73,is there a human I can talk to,en,1,Swansea Chaplaincy | University of Wales Trinity Saint David,Swansea,en,https://www.uwtsd.ac.uk/study/experience-and-facilities/student-support-and-wellbeing/faith-and-spirituality/swansea,yes,yes,200,". A chaplain is a listening ear. Stress with work, relationship breakdown, addiction, illness, death. Sometimes we just need to talk, and that is a bi"
73,is there a human I can talk to,en,2,human_agent,Contact Us,en,https://www.uwtsd.ac.uk/contact-us,yes,yes,200,"I'm U-Pal, an automated chatbot — I'm not able to connect you directly to a live agent at this time, but this feature is something we're looking to im"
73,is there a human I can talk to,en,3,Human Rights | University of Wales Trinity Saint David,Human Rights,en,https://www.uwtsd.ac.uk/about/mission-and-vision/human-rights,yes,yes,200,"Human Rights Human Rights Scroll down Human Rights This support includes supporting the distribution of a new guide to human rights, which aims to sho"
74,how much does a masters cost for UK students?,en,1,fees_and_finance,Fees And Finance,en,https://www.uwtsd.ac.uk/study/fees-and-finance,yes,yes,200,"Full-time undergraduate fees are £9,535 per year for 2025/26. Postgraduate taught fees start at £7,800 on campus or £6,800 online. International fees"
74,how much does a masters cost for UK students?,en,2,Disclosure and Barring Service (DBS) Checks | University of Wales Trinity Saint David,Disclosure And Barring Service Dbs Checks,en,https://www.uwtsd.ac.uk/apply/undergraduate/criminal-convictions/disclosure-and-barring-service-dbs-checks,yes,yes,200,. This will be required when registering for the online service. How much does a DBS cost? The cost of applying for a DBS is currently £66.33 which is
74,how much does a masters cost for UK students?,en,3,Postgraduate Funding and Support | University of Wales Trinity Saint David,Postgraduate Funding And Support,en,https://www.uwtsd.ac.uk/study/fees-and-finance/postgraduate-fees/postgraduate-funding-and-support,yes,yes,200,Paid directly to you to use for tuition and living costs Apply through Student Finance England (SFE) Postgraduate Master’s Loan (2024–25) Doctoral Loa
75,dissertation support,en,1,dissertation_support,Student Support And Wellbeing,en,https://www.uwtsd.ac.uk/study/experience-and-facilities/student-support-and-wellbeing,yes,yes,200,It sounds like you're working on your dissertation — that's a big undertaking and it's completely normal to need some guidance! Your dissertation supe
75,dissertation support,en,2,Emma Knight - Masters in Outdoor Education (MA) | University of Wales Trinity Saint David,Emma Knight,en,https://www.uwtsd.ac.uk/experience-facilities/student-stories/sport-and-physical-activity-student-stories/emma-knight,yes,yes,200,". From coasteering to cycling, I was able to push myself out of my comfort zone. I enjoyed that I was able to choose the topic for my dissertation and"
75,dissertation support,en,3,Institute of Education and Humanities | University of Wales Trinity Saint David,Institute Education And Humanities,en,https://www.uwtsd.ac.uk/about/our-institutes/institute-education-and-humanities,yes,yes,200,", applied research lead education Jayne Morgan PGCE Programme Manager , Lecturer Jeremy Smith Dean of Institute of Education and Humanities Jessica Pi"
76,sut mae archebu lle ar ddiwrnod agored PCYDDS,cy,1,Profiad a Chyfleusterau | Prifysgol Cymru Y Drindod Dewi Sant,Profiad Chyfleusterau,cy,https://www.uwtsd.ac.uk/cy/astudio/profiad-chyfleusterau,yes,yes,200,. Mae'r straeon hyn yn dangos sut mae ein rhaglenni'n cefnogi myfyrwyr i gyrraedd eu nod a chael effaith yn eu meysydd dewisol. Pam dewis PCYDDS? Dewc
76,sut mae archebu lle ar ddiwrnod agored PCYDDS,cy,2,Fees General,Fees And Finance,cy,https://www.uwtsd.ac.uk/study/fees-and-finance,yes,yes,200,"Ffioedd dysgu PCYDDS ar gyfer 2025/26: Myfyrwyr israddedig y DU/cartref — £9,535 y flwyddyn llawn-amser (neu £39 y credyd rhan-amser, fel arfer 60 cre"
76,sut mae archebu lle ar ddiwrnod agored PCYDDS,cy,3,Open Day,Open Days,cy,https://www.uwtsd.ac.uk/open-days,yes,yes,200,"Mae PCYDDS yn cynnal diwrnodau agored drwy gydol y flwyddyn ym mhob campws. I weld dyddiadau sydd ar y gweill a chadw'ch lle, ewch i uwtsd.ac.uk/dyddi"
77,tuition fees Wales England,en,1,fees_tuition,Tuition Fee Schedule,en,https://www.uwtsd.ac.uk/study/fees-and-finance/tuition-fee-schedule,yes,yes,200,"Tuition fees at UWTSD for home (UK) students are currently £9,000 per year for most full-time undergraduate courses. Welsh students may be eligible fo"
77,tuition fees Wales England,en,2,Undergraduate Funding & Support | University of Wales Trinity Saint David,Undergraduate Funding Support,en,https://www.uwtsd.ac.uk/study/fees-and-finance/undergraduate-fees/undergraduate-funding-support,yes,yes,200,". If you live in England, you can access financial support through the Student Finance England (SFE) . Similar to Welsh domiciled students, you may be"
78,speak with an agent,en,1,How to Apply | University of Wales Trinity Saint David,How Apply,en,https://www.uwtsd.ac.uk/study/how-apply,yes,yes,200,. Applying via an Agent We have a network of agents across the World ready to help you with your application
78,speak with an agent,en,2,Postgraduate Applications | University of Wales Trinity Saint David,Postgraduate,en,https://www.uwtsd.ac.uk/apply/postgraduate,yes,yes,200,. Applying via an Agent We have a network of agents across the World ready to help you with your application.
78,speak with an agent,en,3,Applying via an Agent | University of Wales Trinity Saint David,Applying Agent,en,https://www.uwtsd.ac.uk/study/how-apply/international-applications/applying-agent,yes,yes,200,Home Study How to Apply International Applications Applying via an Agent Applying via an Agent University Approved Agent and Regional Offices We have
79,bywyd cymdeithasol PCYDDS,cy,1,wellbeing_disability,Disability Support,cy,https://www.uwtsd.ac.uk/study/experience-facilities/student-support-wellbeing/disability-support,yes,yes,200,"Mae tîm CCYA ym PCYDDS yn cefnogi myfyrwyr â: dyslecsia, ADHD, awtistiaeth, anableddau corfforol, cyflyrau iechyd meddwl, a mwy. Mae cymorth yn gyfrin"
79,bywyd cymdeithasol PCYDDS,cy,2,students_union,Students Union,cy,https://www.uwtsd.ac.uk/experience-facilities/students-union,yes,yes,200,Undeb y Myfyrwyr yw calon bywyd cymdeithasol myfyrwyr ym PCYDDS. Dewch o hyd i glybiau a chymdeithasau ar uwtsdsu.co.uk. Maent yn rhedeg digwyddiadau
79,bywyd cymdeithasol PCYDDS,cy,3,student_services,Student Hwb,cy,https://www.uwtsd.ac.uk/experience-facilities/student-support-wellbeing/student-hwb,yes,yes,200,"Gwasanaethau Myfyrwyr ym PCYDDS yw eich canolfan cymorth, yn ymdrin â: Lles a chwnsela, Cymorth anabledd a dysgu ychwanegol, Cyngor gyrfaoedd, Caledi"
80,dychwelyd i addysg,cy,1,fees_scholarships,Undergraduate Bursaries,cy,https://www.uwtsd.ac.uk/study/fees-and-finance/undergraduate-fees/undergraduate-funding-support/undergraduate-bursaries,yes,yes,200,"Mae PCYDDS yn cynnig ystod o ysgoloriaethau a bwrsariaethau gan gynnwys ysgoloriaethau chwaraeon, ysgoloriaethau iaith Gymraeg, bwrsariaethau penodol"
80,dychwelyd i addysg,cy,2,wellbeing_disability,Disability Support,cy,https://www.uwtsd.ac.uk/study/experience-facilities/student-support-wellbeing/disability-support,yes,yes,200,"Mae tîm CCYA ym PCYDDS yn cefnogi myfyrwyr â: dyslecsia, ADHD, awtistiaeth, anableddau corfforol, cyflyrau iechyd meddwl, a mwy. Mae cymorth yn gyfrin"
80,dychwelyd i addysg,cy,3,Swansea Campus Life | University of Wales Trinity Saint David,Swansea,cy,https://www.uwtsd.ac.uk/swansea,yes,yes,200,. You’ll learn from professionals and academics with industry experience – and develop the versatile skills needed for a career in business and manage
81,citation help,en,1,Writing a Personal Statement | University of Wales Trinity Saint David,Writing Personal Statement,en,https://www.uwtsd.ac.uk/apply/undergraduate/writing-personal-statement,yes,yes,200,". References from family or friends will not be accepted. If you are unsure about obtaining a reference, please contact the admissions tutor who will"
81,citation help,en,2,How to Apply Through  Clearing 2026 | Step-by-Step Guide,Applying Through Clearing,en,https://www.uwtsd.ac.uk/clearing/applying-through-clearing,yes,yes,200,". You stay in control of your decision. Get help with your application Get help with your application If you are ready to apply, or want to talk thing"
81,citation help,en,3,MicroGuide-2 | University of Wales Trinity Saint David,Microguide 2,en,https://www.uwtsd.ac.uk/research/microguide-2,yes,yes,200,", PDF Integrated Research Application System Amendment 274.98 KB, PDF Integrated Research Application System Submission 460.09 KB, PDF"
82,oriau llyfrgell Abertawe,cy,1,library_lampeter,Library,cy,https://www.uwtsd.ac.uk/library,yes,yes,200,"Enw llyfrgell Llambed yw Llyfrgell y Sylfaenwyr — llyfrgell hanesyddol ar brif gampws Llambed. Cyfeiriad: UWTSD Lampeter Founders Library, College Str"
83,faint yw llety,cy,1,accommodation_general,Accommodation,cy,https://www.uwtsd.ac.uk/study/experience-and-facilities/accommodation,yes,yes,200,Mae gan PCYDDS lety ar y campws yn Abertawe a Chaerfyrddin. Mae ystafelloedd yn amrywio o safonol i en-suite. Cysylltwch ag accommodation@uwtsd.ac.uk
83,faint yw llety,cy,2,admissions_foundation,Applying Foundation Degree,cy,https://www.uwtsd.ac.uk/apply/undergraduate/applying-foundation-degree,yes,yes,200,"Mae Blwyddyn Sylfaen PCYDDS yn gam gwych i mewn i'r brifysgol. Ar ôl pasio, byddwch yn symud yn uniongyrchol i Flwyddyn 1. Gofynnwch i dderbyniadau ar"
84,a allaf siarad ag aelod o staff am fy aseiniad,cy,1,accommodation_general,Accommodation,cy,https://www.uwtsd.ac.uk/study/experience-and-facilities/accommodation,yes,yes,200,Mae gan PCYDDS lety ar y campws yn Abertawe a Chaerfyrddin. Mae ystafelloedd yn amrywio o safonol i en-suite. Cysylltwch ag accommodation@uwtsd.ac.uk
84,a allaf siarad ag aelod o staff am fy aseiniad,cy,2,Ymchwil | Prifysgol Cymru Y Drindod Dewi Sant,Ymchwil,cy,https://www.uwtsd.ac.uk/cy/ymchwil,yes,yes,200,". Sgiliau Lefel Uchel, DPP a Dysgu Gydol Oes: darparu rhaglenni lefel uwch wedi’u seilio ar ymchwil i gefnogi’r gwaith o ddatblygu gweithlu a chymdeit"
84,a allaf siarad ag aelod o staff am fy aseiniad,cy,3,welsh_language,Welsh Opportunities Uwtsd,cy,https://www.uwtsd.ac.uk/study/experience-and-facilities/welsh-opportunities-uwtsd,yes,yes,200,Mae'r Gymraeg wrth galon PCYDDS. Mae'r brifysgol yn cynnig addysgu cyfrwng Cymraeg a dwyieithog ar draws llawer o bynciau. Cysylltwch â cymraeg@uwtsd.
85,library at carmarthen campus,en,1,library_carmarthen,Library,en,https://www.uwtsd.ac.uk/library,yes,yes,200,"Carmarthen's library sits on College Road at the heart of the Carmarthen campus. Full address: UWTSD Carmarthen Library, College Road, Carmarthen SA31"
86,How much are the fees for international postgraduate students?,en,1,International Alumni Postgraduate Taught Discount | University of Wales Trinity Saint David,International Alumni,en,https://www.uwtsd.ac.uk/study/fees-and-finance/international-fees/international-funding-and-support/international-alumni,yes,yes,200,Home Study Fees and Finance International Fees International Funding and Support International Alumni Postgraduate Taught Discount International Alumn
86,How much are the fees for international postgraduate students?,en,2,fees_and_finance,Fees And Finance,en,https://www.uwtsd.ac.uk/study/fees-and-finance,yes,yes,200,"Full-time undergraduate fees are £9,535 per year for 2025/26. Postgraduate taught fees start at £7,800 on campus or £6,800 online. International fees"
86,How much are the fees for international postgraduate students?,en,3,Publication Scheme | University of Wales Trinity Saint David,Publication Scheme,en,https://www.uwtsd.ac.uk/about/governance-and-management/publication-scheme,yes,yes,200,. These include: Our courses: Studying through the medium of Welsh View our Undergraduate prospectus Search our Undergraduate courses Find out about o
87,cais tramor,cy,1,courses_nursing,Study,cy,https://www.uwtsd.ac.uk/study,yes,yes,200,Mae Nyrsio ym PCYDDS yn cael ei ystyried yn uchel. Mae rhaglenni BSc Nyrsio yn cynnwys lleoliadau clinigol go iawn ar draws GIG Cymru. Gweler pcydds.a
87,cais tramor,cy,2,How To Apply,How Apply,cy,https://www.uwtsd.ac.uk/study/how-apply,yes,yes,200,"I wneud cais am gwrs israddedig yn PCYDDS, gwnewch gais drwy UCAS ar ucas.com gan ddefnyddio cod sefydliad T80. Ar gyfer cyrsiau ôl-raddedig, gwnewch"
87,cais tramor,cy,3,Clearing 2026 Dates & Deadlines Clearing Calendar,Key Dates Clearing 2026,en,https://www.uwtsd.ac.uk/clearing/key-dates-clearing-2026,yes,yes,200,; } .events-section .event-card p { font-size: 1rem; } } Speak to a Clearing adviser Explore your Clearing options Get a university place through Clea
88,pa gyrsiau ôl-raddedig sydd ar gael yn PCYDDS,cy,1,courses_general,Study,cy,https://www.uwtsd.ac.uk/study,yes,yes,200,"Mae gan PCYDDS dros 100 o gyrsiau ar draws ei champysau. Ymwelwch â pcydds.ac.uk/study a hidlwch yn ôl pwnc, lefel, neu gampws."
88,pa gyrsiau ôl-raddedig sydd ar gael yn PCYDDS,cy,2,admissions_apply,How Apply,cy,https://www.uwtsd.ac.uk/study/how-apply,yes,yes,200,"Mae gwneud cais i PCYDDS yn syml. Ar gyfer y rhan fwyaf o gyrsiau israddedig, gwnewch gais trwy UCAS (ucas.com). Ar gyfer mynediad ôl-raddedig neu uni"
88,pa gyrsiau ôl-raddedig sydd ar gael yn PCYDDS,cy,3,graduation,Graduation,cy,https://www.uwtsd.ac.uk/graduation,yes,yes,200,Mae seremonïau graddio PCYDDS fel arfer yn cael eu cynnal yn yr haf (Gorffennaf) a'r gaeaf (Rhagfyr/Ionawr). Byddwch yn derbyn gwahoddiad pan fyddwch
89,campws dinas abertawe,cy,1,campuses_swansea,Swansea,cy,https://www.uwtsd.ac.uk/swansea,yes,yes,200,"Mae PCYDDS Abertawe yn Glanfa SA1, campws modern wrth ymyl y bae. Yn agos at siopau canol dinas Abertawe, cysylltiadau trafnidiaeth, a llety."
89,campws dinas abertawe,cy,2,accommodation_general,Accommodation,cy,https://www.uwtsd.ac.uk/study/experience-and-facilities/accommodation,yes,yes,200,Mae gan PCYDDS lety ar y campws yn Abertawe a Chaerfyrddin. Mae ystafelloedd yn amrywio o safonol i en-suite. Cysylltwch ag accommodation@uwtsd.ac.uk
90,sut mae cysylltu â gwasanaethau myfyrwyr,cy,1,how_to_apply,How Apply,cy,https://www.uwtsd.ac.uk/study/how-apply,yes,yes,200,"Ar gyfer myfyrwyr israddedig, defnyddiwch UCAS. Ar gyfer cyrsiau ôl-radd, gwneud cais yn uniongyrchol i ni."
90,sut mae cysylltu â gwasanaethau myfyrwyr,cy,2,Applying via UCAS: PGCE | University of Wales Trinity Saint David,Applying Ucas Pgce,cy,https://www.uwtsd.ac.uk/apply/postgraduate/applying-ucas-pgce,yes,yes,200,Research Tel: 01267 676849 Email: RegistryPGR@uwtsd.ac.uk Contact the Registry Services Team (Enrolled students) If you have any queries regarding you
90,sut mae cysylltu â gwasanaethau myfyrwyr,cy,3,contact_general,Contact Us,cy,https://www.uwtsd.ac.uk/contact-us,yes,yes,200,Prif gysylltiadau PCYDDS: Ymholiadau cyffredinol: 01267 676767 neu enquiries@uwtsd.ac.uk. Derbyniadau: admissions@uwtsd.ac.uk. Gwasanaethau Myfyrwyr:
91,angen siarad â rhywun am fy iechyd meddwl,cy,1,staff_contact_query,Contact Us,cy,https://www.uwtsd.ac.uk/contact-us,yes,yes,200,"Wrth gwrs — mae siarad â rhywun wyneb yn wyneb yn aml y ffordd orau! Yn dibynnu ar yr hyn sydd ei angen arnoch: ar gyfer materion academaidd, eich Tiw"
91,angen siarad â rhywun am fy iechyd meddwl,cy,2,Ymchwil | Prifysgol Cymru Y Drindod Dewi Sant,Ymchwil,cy,https://www.uwtsd.ac.uk/cy/ymchwil,yes,yes,200,". Cenhadaeth Ddinesig: cymryd rhan mewn prosiectau, mentrau neu feysydd gweithgarwch sy’n hyrwyddo neu’n gwella lles economaidd, cymdeithasol, amgylch"
91,angen siarad â rhywun am fy iechyd meddwl,cy,3,wellbeing_disability,Disability Support,cy,https://www.uwtsd.ac.uk/study/experience-facilities/student-support-wellbeing/disability-support,yes,yes,200,"Mae gan PCYDDS Wasanaeth Cymorth Dysgu Ychwanegol (CCYA) i helpu myfyrwyr ag anableddau, dyslecsia, cyflyrau iechyd meddwl, ac anawsterau dysgu eraill"
92,study in wales as international,en,1,Homepage | University of Wales Trinity Saint David,Information,en,https://www.uwtsd.ac.uk/,yes,yes,200,Guide 2027) 2nd Student Satisfaction 2nd in the UK for Student Satisfaction (National Student Survey 2026) 2nd Teaching Excellence 2nd in UK for Teach
92,study in wales as international,en,2,Mission and Vision | University of Wales Trinity Saint David,Mission And Vision,en,https://www.uwtsd.ac.uk/about/mission-and-vision,yes,yes,200,". To broaden the impact of our applied, practice-led research, innovation and skills in partnership with employers to create more opportunities for ou"
92,study in wales as international,en,3,XIX International Conference on Minority Languages (ICML) | University of Wales Trinity Saint David,Xix International Conference,en,https://www.uwtsd.ac.uk/research/international-association-minority-language-media-research/xix-international-conference,yes,yes,200,Home Research International Association for Minority Language Media Research XIX International Conference on Minority Languages (ICML) XIX Internation
93,dw i eisiau siarad â rhywun byw,cy,1,staff_contact_query,Contact Us,cy,https://www.uwtsd.ac.uk/contact-us,yes,yes,200,"Wrth gwrs — mae siarad â rhywun wyneb yn wyneb yn aml y ffordd orau! Yn dibynnu ar yr hyn sydd ei angen arnoch: ar gyfer materion academaidd, eich Tiw"
93,dw i eisiau siarad â rhywun byw,cy,2,Academic Support,Student Support And Wellbeing,cy,https://www.uwtsd.ac.uk/study/experience-and-facilities/student-support-and-wellbeing,yes,yes,200,Da iawn am gyrraedd am gymorth — dyna'n union y mae eich tiwtoriaid a'r tîm academaidd yma ar ei gyfer! Eich pwynt cyswllt cyntaf yw eich **Tiwtor Per
93,dw i eisiau siarad â rhywun byw,cy,3,Rhyngwladol | Prifysgol Cymru Y Drindod Dewi Sant,Rhyngwladol,cy,https://www.uwtsd.ac.uk/cy/profiad-chyfleusterau/rhyngwladol,yes,yes,200,"Rhyngwladol Scroll down Rhyngwladol Rydym yn credu yng ngrym addysg i drawsnewid, gan uno myfyrwyr o bob cwr o’r byd i gychwyn ar daith o archwilio de"
94,what do you know about,en,1,Publication Scheme | University of Wales Trinity Saint David,Publication Scheme,en,https://www.uwtsd.ac.uk/about/governance-and-management/publication-scheme,yes,yes,200,", which is organised into seven classes of information: Who we are and what we do Organisational information, locations and contacts, constitutional a"
94,what do you know about,en,2,Chloe Fowler - Acting (BA Hons) | University of Wales Trinity Saint David,Chloe,en,https://www.uwtsd.ac.uk/experience-facilities/student-stories/performance-dance-and-musical-theatre-student-stories/chloe,yes,yes,200,". Also, going to the café in the park as well. What do you hope to do when you graduate? I hope to connect with theatre companies that are focussed on"
94,what do you know about,en,3,Ilias Iatrakis - Motorcycle Engineering (BEng) | University of Wales Trinity Saint David,Motorsport Mechanical And Electrical Engineering Student 3,en,https://www.uwtsd.ac.uk/experience-facilities/student-stories/motorsport-mechanical-and-electrical-engineering-student-3,yes,yes,200,. The knowledge we gain here is invaluable in the way it’s taught and is highly appreciated in the industry. What has been your favourite thing about
95,cyrsiau amser llawn PCYDDS,cy,1,Fees General,Fees And Finance,cy,https://www.uwtsd.ac.uk/study/fees-and-finance,yes,yes,200,"Ffioedd dysgu PCYDDS ar gyfer 2025/26: Myfyrwyr israddedig y DU/cartref — £9,535 y flwyddyn llawn-amser (neu £39 y credyd rhan-amser, fel arfer 60 cre"
95,cyrsiau amser llawn PCYDDS,cy,2,Fees Phd,Tuition Fee Schedule,cy,https://www.uwtsd.ac.uk/study/fees-and-finance/tuition-fee-schedule,yes,yes,200,"Ffioedd PhD yn PCYDDS ar gyfer 2025/26: Myfyrwyr cartref — £6,000 y flwyddyn llawn-amser neu £3,000 y flwyddyn rhan-amser. Myfyrwyr rhyngwladol — £16,"
95,cyrsiau amser llawn PCYDDS,cy,3,admissions_apply,How Apply,cy,https://www.uwtsd.ac.uk/study/how-apply,yes,yes,200,"I wneud cais i PCYDDS, gallwch wneud cais yn uniongyrchol trwy pcydds.ac.uk/study neu trwy UCAS (ucas.com) ar gyfer cyrsiau israddedig. Ewch i pcydds."
96,how much are halls,en,1,accommodation_general,Accommodation,en,https://www.uwtsd.ac.uk/study/experience-and-facilities/accommodation,yes,yes,200,Student halls are available at Carmarthen and Lampeter. Applications go through HallPad — visit uwtsd.ac.uk/accommodation to check availability and ap
96,how much are halls,en,2,accommodation_cost,Frequently Asked Questions,en,https://www.uwtsd.ac.uk/study/experience-facilities/accommodation/frequently-asked-questions,yes,yes,200,"Accommodation prices at UWTSD vary by campus and room type, generally around £90 to £140 per week for a standard room in halls. En-suite rooms are sli"
96,how much are halls,en,3,Rhys Price - Creative Music Technology (BA Hons) | University of Wales Trinity Saint David,Rhys,en,https://www.uwtsd.ac.uk/experience-facilities/student-stories/performance-dance-and-musical-theatre-student-stories/rhys,yes,yes,200,. Revising these songs and seeing how much they improve by using the skills gained is great for seeing how much you’ve improved as a musician. What ar
97,dw i n teimlo n llethu,cy,1,admissions_deadline,How Apply,cy,https://www.uwtsd.ac.uk/study/how-apply,yes,yes,200,Y prif ddyddiad cau UCAS ar gyfer y rhan fwyaf o gyrsiau israddedig fel arfer yw diwedd Ionawr ar gyfer mynediad ym mis Medi. Mae PCYDDS hefyd yn derb
97,dw i n teimlo n llethu,cy,2,Wellbeing Support,Student Support And Wellbeing,cy,https://www.uwtsd.ac.uk/study/experience-and-facilities/student-support-and-wellbeing,yes,yes,200,"Mae Gwasanaeth Lles am ddim PCYDDS ar gael i bob myfyriwr — nid oes angen atgyfeiriad. Os ydych chi'n teimlo'n bryderus, dan straen, wedi llethu, neu'"
97,dw i n teimlo n llethu,cy,3,Rhyngwladol | Prifysgol Cymru Y Drindod Dewi Sant,Rhyngwladol,cy,https://www.uwtsd.ac.uk/cy/profiad-chyfleusterau/rhyngwladol,yes,yes,200,"Rhyngwladol Scroll down Rhyngwladol Rydym yn credu yng ngrym addysg i drawsnewid, gan uno myfyrwyr o bob cwr o’r byd i gychwyn ar daith o archwilio de"
98,cymorth argyfwng,cy,1,wellbeing_general,Student Support And Wellbeing,cy,https://www.uwtsd.ac.uk/study/experience-and-facilities/student-support-and-wellbeing,yes,yes,200,"Mae eich lles yn bwysig ym PCYDDS. Mae'r gwasanaeth Lles Myfyrwyr yn cynnig cwnsela, cymorth iechyd meddwl, a chanllawiau argyfwng. Anfonwch e-bost at"
98,cymorth argyfwng,cy,2,wellbeing_disability,Disability Support,cy,https://www.uwtsd.ac.uk/study/experience-facilities/student-support-wellbeing/disability-support,yes,yes,200,"Mae gan PCYDDS Wasanaeth Cymorth Dysgu Ychwanegol (CCYA) i helpu myfyrwyr ag anableddau, dyslecsia, cyflyrau iechyd meddwl, ac anawsterau dysgu eraill"
99,a oes llety hunangynhwysol ar gael,cy,1,accommodation_general,Accommodation,cy,https://www.uwtsd.ac.uk/study/experience-and-facilities/accommodation,yes,yes,200,Mae gan PCYDDS lety ar y campws yn Abertawe a Chaerfyrddin. Mae ystafelloedd yn amrywio o safonol i en-suite. Cysylltwch ag accommodation@uwtsd.ac.uk
99,a oes llety hunangynhwysol ar gael,cy,2,welsh_language,Welsh Opportunities Uwtsd,cy,https://www.uwtsd.ac.uk/study/experience-and-facilities/welsh-opportunities-uwtsd,yes,yes,200,Mae'r Gymraeg wrth galon PCYDDS. Mae'r brifysgol yn cynnig addysgu cyfrwng Cymraeg a dwyieithog ar draws llawer o bynciau. Cysylltwch â cymraeg@uwtsd.
100,amserlen myfyrwyr PCYDDS,cy,1,accommodation_general,Accommodation,cy,https://www.uwtsd.ac.uk/study/experience-and-facilities/accommodation,yes,yes,200,Mae PCYDDS yn cynnig llety myfyrwyr ar gampysau Abertawe a Chaerfyrddin gydag ystafelloedd en-suite a chyfleusterau ymolchi a rennir. Gwych ar gyfer m
100,amserlen myfyrwyr PCYDDS,cy,2,fees_scholarships,Undergraduate Bursaries,cy,https://www.uwtsd.ac.uk/study/fees-and-finance/undergraduate-fees/undergraduate-funding-support/undergraduate-bursaries,yes,yes,200,"Mae PCYDDS yn cynnig ystod o ysgoloriaethau a bwrsariaethau gan gynnwys ysgoloriaethau chwaraeon, ysgoloriaethau iaith Gymraeg, bwrsariaethau penodol"
100,amserlen myfyrwyr PCYDDS,cy,3,Fees General,Fees And Finance,cy,https://www.uwtsd.ac.uk/study/fees-and-finance,yes,yes,200,"Ffioedd dysgu PCYDDS ar gyfer 2025/26: Myfyrwyr israddedig y DU/cartref — £9,535 y flwyddyn llawn-amser (neu £39 y credyd rhan-amser, fel arfer 60 cre"
