Query #,Query Text,Language,Status,Response Time (ms),Number of Sources,Source 1 Title,Source 1 Category,Source 1 URL,Source 1 Excerpt,Source 2 Title,Source 2 Category,Source 2 URL,Source 2 Excerpt,Source 3 Title,Source 3 Category,Source 3 URL,Source 3 Excerpt,Response (first 200 chars),Error/Notes
1,What courses does UWTSD offer?,en,✓ SUCCESS,3731,3,courses_general,Study,https://www.uwtsd.ac.uk/study,"UWTSD has over 100 courses across its campuses. Highlights include Education, Nursing, Art and Desig",Job Applicant Privacy Notice | University of Wales Trinity Saint David,Job Applicant Privacy Notice,https://www.uwtsd.ac.uk/about/jobs-and-working-uwtsd/job-applicant-privacy-notice,. We are committed to being transparent about how we collect and use your data and to meeting our da,Register Your Interest for  Clearing 2026 | Get Updates & Advice,Clearing,https://www.uwtsd.ac.uk/clearing,. We will: keep you informed about Clearing contact you with advice when courses become available ex,"UWTSD offers over 100 courses across a really broad range of subjects — Art and Design, Business, Computing, Education, Engineering, Health and Social Care, Humanities, Law, Nursing, Psychology, Sport",
2,How do I apply to UWTSD?,en,✓ SUCCESS,3092,3,admissions_apply,How Apply,https://www.uwtsd.ac.uk/study/how-apply,"To apply to UWTSD, you can apply directly through uwtsd.ac.uk/study or through UCAS (ucas.com) for u",How to Apply Through  Clearing 2026 | Step-by-Step Guide,Applying Through Clearing,https://www.uwtsd.ac.uk/clearing/applying-through-clearing,. Our advisers can explain: what to do next when to apply where to get further support You do not ne,career_services,Careers Service,https://www.uwtsd.ac.uk/study/experience-and-facilities/student-support-and-wellbeing/careers-service,"UWTSD has a Careers and Employability service helping with job searching, CV writing, interview prep","You can apply in two ways:

Direct application — go to uwtsd.ac.uk/study, choose your course, check the entry requirements, and submit your application online.

Through UCAS — apply via ucas.com for u",
3,What student support services are available?,en,✓ SUCCESS,3713,3,Withdrawing or Interrupting Your Studies | University of Wales Trinity Saint David,Withdrawing Or Interrupting Your Studies,https://www.uwtsd.ac.uk/finance/withdrawing-or-interrupting-your-studies,. Student Services We have professional counsellors and mental health advisors available to you; our,financial_support,Undergraduate Funding Support,https://www.uwtsd.ac.uk/study/fees-and-finance/undergraduate-fees/undergraduate-funding-support,"If you're struggling financially, the Money Support team can help. Email moneysupport@uwtsd.ac.uk or",Student Hwb | University of Wales Trinity Saint David,Student Hwb,https://www.uwtsd.ac.uk/experience-facilities/student-support-wellbeing/student-hwb,. The Student Services department is a collection of practical professional services designed to ena,"UWTSD has a really comprehensive Student Services department designed to support you across all areas of student life. Here's what's available:

Wellbeing — Professional counsellors and mental health ",
4,How much do courses cost?,en,✓ SUCCESS,3382,3,Alumni Postgraduate Taught Discount | University of Wales Trinity Saint David,Alumni Postgraduate,https://www.uwtsd.ac.uk/study/fees-and-finance/postgraduate-fees/postgraduate-funding-and-support/alumni-postgraduate,. How to Apply The discount will be applied automatically for eligible alumni. Additional Informatio,International Alumni Postgraduate Taught Discount | University of Wales Trinity Saint David,International Alumni,https://www.uwtsd.ac.uk/study/fees-and-finance/international-fees/international-funding-and-support/international-alumni,. How to Apply The discount will be applied automatically for eligible alumni. Additional Informatio,Course Costs Bursary | University of Wales Trinity Saint David,Undergraduate Bursaries 3,https://www.uwtsd.ac.uk/study/fees-and-finance/undergraduate-fees/undergraduate-funding-support/undergraduate-bursaries/undergraduate-bursaries-3,". Course-related costs may include specialist books, specialist equipment etc. Whilst students can m","That depends on the course level and whether you're a UK or international student. Most undergraduate degrees at UWTSD are around £9,250 per year for UK students, and postgraduate taught courses typic",
5,International student services,en,✓ SUCCESS,3057,3,International Funding and Support | University of Wales Trinity Saint David,International Funding And Support,https://www.uwtsd.ac.uk/study/fees-and-finance/international-funding-and-support,". International Student Refund Policy International Student Refund Policy.pdf 95.82 KB, PDF Internat",International | University of Wales Trinity Saint David,International,https://www.uwtsd.ac.uk/international,. Contact our International Team I am an International Student looking to Study at UWTSD Play video:,admissions_international,International Applications,https://www.uwtsd.ac.uk/study/how-apply/international-applications,International students are very welcome at UWTSD! Apply directly through uwtsd.ac.uk/international. ,"Hi! I'm happy to help with international student services at UWTSD.

UWTSD has a dedicated International Office that supports students from outside the UK with visa guidance, language requirements, an",
6,Entry requirements for students,en,✓ SUCCESS,3386,3,admissions_requirements,Advice Applicants,https://www.uwtsd.ac.uk/apply/undergraduate/advice-applicants,Entry requirements vary by course at UWTSD. Most undergraduate courses require 80-120 UCAS points (r,International Student Life | University of Wales Trinity Saint David,International Student Life,https://www.uwtsd.ac.uk/international/international-student-life,. English Language Requirements All International Students seeking entry to the University are requi,English Language Requirements | University of Wales Trinity Saint David,English Language Requirements,https://www.uwtsd.ac.uk/study/how-apply/international-applications/english-language-requirements,". English Language Entry Requirements Policy 512.29 KB, PDF The English language entry requirements ","Hi there! I'd be happy to help with entry requirements.

To give you the most useful answer, could you let me know:

- What course are you interested in? (e.g. Computing, Business, Nursing, etc.)
- Wh",
7,Student accommodation options,en,✓ SUCCESS,4082,3,Student Journey | University of Wales Trinity Saint David,Student Journey,https://www.uwtsd.ac.uk/apply/undergraduate/student-journey,". The next thing to consider is, where will you be staying during your studies? Our accommodation pa",Accommodation | University of Wales Trinity Saint David,Accommodation,https://www.uwtsd.ac.uk/study/experience-and-facilities/accommodation,". To discover more about your options, please follow the individual campus link below. For guidance ",Cardiff Accommodation | University of Wales Trinity Saint David,Cardiff Accommodation,https://www.uwtsd.ac.uk/study/experience-facilities/accommodation/cardiff-accommodation,. The accommodation office will be available to support and provide advice as to where UWTSD student,"Great question! UWTSD offers several accommodation options across our campuses to suit different needs and budgets.

On-campus halls are available at Carmarthen, Lampeter, and Swansea, offering a full",
8,Counselling and wellbeing services,en,✓ SUCCESS,6104,2,wellbeing_general,Student Support And Wellbeing,https://www.uwtsd.ac.uk/study/experience-and-facilities/student-support-and-wellbeing,"Your wellbeing matters at UWTSD. The Student Wellbeing service offers counselling, mental health sup",Student Hwb | University of Wales Trinity Saint David,Student Hwb,https://www.uwtsd.ac.uk/experience-facilities/student-support-wellbeing/student-hwb,. Wellbeing Support You may be coming to university with a diagnosed mental health condition or deve,,,,,"Hi there! It sounds like you're looking for information about counselling and wellbeing support at UWTSD.

You're in the right place. UWTSD's Wellbeing team offers free counselling, mental health supp",
9,Research opportunities at UWTSD,en,✓ SUCCESS,3435,3,career_services,Careers Service,https://www.uwtsd.ac.uk/study/experience-and-facilities/student-support-and-wellbeing/careers-service,"UWTSD has a Careers and Employability service helping with job searching, CV writing, interview prep",Troy Wilkinson - Ancient History (PhD) | University of Wales Trinity Saint David,Troy Wilkinson,https://www.uwtsd.ac.uk/experience-facilities/student-stories/history-and-archaeology-student-stories/troy-wilkinson,? Having also done my BA and MRes degrees at Lampeter Campus I have spent my entire career of soon t,Megan Worrell - BSc Professional Policing | University of Wales Trinity Saint David,Megan Worrell,https://www.uwtsd.ac.uk/experience-facilities/student-stories/law-criminology-and-policing-student-stories/megan-worrell,". Overall, UWTSD is an excellent choice for anyone looking to pursue higher education in a dynamic a","Research opportunities at UWTSD are really varied and depend on what you're studying. At postgraduate level, you'll typically have dedicated research projects built into your course — whether that's a",
10,Study abroad opportunities,en,✓ SUCCESS,3815,3,Global Opportunities | University of Wales Trinity Saint David,Global Opportunities,https://www.uwtsd.ac.uk/international/global-opportunities,"Global Opportunities Study Abroad & Exchange Travel, immerse yourself in a new culture, meet new fri",International Student Life | University of Wales Trinity Saint David,International Student Life,https://www.uwtsd.ac.uk/international/international-student-life,. How to Apply Semester Abroad at UWTSD - Wales We also offer the opportunity for international stud,Exchange and Visiting students | University of Wales Trinity Saint David,Exchange And Visiting Students,https://www.uwtsd.ac.uk/exchange-and-visiting-students,". Upon completing the Study Abroad programme, both you and your home institution will receive an off","Great question! UWTSD has some really exciting study abroad options available to you.

We partner with universities across the globe, so you can either do a full semester or year abroad, or join short",
11,Beth yw costau'r cwrs?,cy,✓ SUCCESS,3097,3,Campus Cardiff Location,Cardiff,https://www.uwtsd.ac.uk/cardiff,"Mae campws Caerdydd PCYDDS yn IQ Caerdydd, yng nghanol Caerdydd. Mae modd cyrraedd yno'n hawdd ar dr",Campus Carmarthen Location,Carmarthen,https://www.uwtsd.ac.uk/carmarthen,"Mae campws Caerfyrddin PCYDDS ar Heol y Coleg, Caerfyrddin, SA31 3EP. Mae modd cyrraedd yno ar fws a",Institute of Management and Health | University of Wales Trinity Saint David,Institute Management And Health,https://www.uwtsd.ac.uk/about/our-institutes/institute-management-and-health,Jessica Newport Lecturer Jonathan Wyatt Lecturer Julie Crossman Senior Lecturer Julie Thomas Senior ,"Wrth gwrs! I mi allu rhoi'r manylion costau cywir i chi, allwch chi ddweud pa gwrs rydych chi'n holi amdano? Ydych chi'n edrych ar gwrs penodol eisoes, neu ydych chi'n chwilio am gwrs newydd?",
12,Cymorth myfyrwyr,cy,✓ SUCCESS,3771,3,wellbeing_disability,Disability Support,https://www.uwtsd.ac.uk/study/experience-facilities/student-support-wellbeing/disability-support,"Mae tîm CCYA ym PCYDDS yn cefnogi myfyrwyr â: dyslecsia, ADHD, awtistiaeth, anableddau corfforol, cy",Institute of Inner City Learning | University of Wales Trinity Saint David,Institute Inner City Learning,https://www.uwtsd.ac.uk/about/our-institutes/institute-inner-city-learning,". Students and the provision of a friendly, supportive and tailored learning environment are at the ",Swansea Accommodation | University of Wales Trinity Saint David,Swansea Accommodation,https://www.uwtsd.ac.uk/study/experience-facilities/accommodation/swansea-accommodation,". There is a diverse range of student accommodation available at our Swansea location, from stylish ","Shwmae! Croeso. Rwy'n U-Pal, cynorthwyydd myfyrwyr PCYDDS, ac rwy'n yma i'ch helpu gyda phopeth sy'n gysylltiedig â'r brifysgol — cyrsiau, ceisiadau, llety, bywyd campws, ffioedd, lles, a chwestiynau ",
13,Cymhwyster mynediad,cy,✓ SUCCESS,3559,3,Criminal Convictions | University of Wales Trinity Saint David,Criminal Convictions,https://www.uwtsd.ac.uk/apply/undergraduate/criminal-convictions,. Applicants who wish to enrol on regulated programmes will be required to gain a satisfactory enhan,Study | University of Wales Trinity Saint David,Study,https://www.uwtsd.ac.uk/study,. Postgraduate Certificate in Education Secondary (PGCE Secondary) / Post Compulsory Education and T,Digital Connectivity Bursary | University of Wales Trinity Saint David,Undergraduate Bursaries 1,https://www.uwtsd.ac.uk/study/fees-and-finance/undergraduate-fees/undergraduate-funding-support/undergraduate-bursaries-1,. Criteria/Eligibility This Digital Connectivity bursary is intended to provide support for Home stu,"Shwmae! Rwy'n deall eich bod chi'n holi am gymhwyster mynediad. 

Ydych chi'n chwilio am wybodaeth am gwrs mynediad yn PCYDDS, neu ydych chi eisiau gwybod mwy am sut mae cymhwyster mynediad yn gweithi",
14,Gwybodaeth am lety myfyrwyr,cy,✓ SUCCESS,4084,3,Kirsty Jones-Higginson - BSc Criminology and Policing | University of Wales Trinity Saint David,Kirsty Jones,https://www.uwtsd.ac.uk/experience-facilities/student-stories/law-criminology-and-policing-student-stories/kirsty-jones,Home Experience and Facilities Student Stories Law,accommodation_general,Accommodation,https://www.uwtsd.ac.uk/study/experience-and-facilities/accommodation,UWTSD offers student accommodation at the Swansea and Carmarthen campuses with en-suite and shared b,Cardiff Accommodation | University of Wales Trinity Saint David,Cardiff Accommodation,https://www.uwtsd.ac.uk/study/experience-facilities/accommodation/cardiff-accommodation,. The accommodation office will be available to support and provide advice as to where UWTSD student,"Shwmae! Mae'n dda gen i helpu gyda chwestiynau am lety.

Beth yn union hoffech chi wybod? Ydych chi'n chwilio am:

- Gwybodaeth am y llety sydd ar gael (neuaddau preswyl, tai rhannu, ac ati)
- Sut i w",
15,Sut i wneud cais i UWTSD?,cy,✓ SUCCESS,4105,3,Alumni Postgraduate Taught Discount | University of Wales Trinity Saint David,Alumni Postgraduate,https://www.uwtsd.ac.uk/study/fees-and-finance/postgraduate-fees/postgraduate-funding-and-support/alumni-postgraduate,. This exclusive discount supports UWTSD graduates who choose to progress into further study with us,admissions_apply,How Apply,https://www.uwtsd.ac.uk/study/how-apply,"I wneud cais i PCYDDS, gallwch wneud cais yn uniongyrchol trwy pcydds.ac.uk/study neu trwy UCAS (uca",Unibuddy | University of Wales Trinity Saint David,Unibuddy,https://www.uwtsd.ac.uk/experience-facilities/why-choose-uwtsd/unibuddy,Home Experience and Facilities Why choose UWTSD? Unibuddy Unibuddy Chat to Our Students Chat with ou,"Shwmae! Mae'n dda gen i helpu.

I wneud cais i PCYDDS, mae gennych ddwy opsiwn:

1. Cais uniongyrchol trwy pcydds.ac.uk/study — dewiswch eich cwrs a dilynnwch y broses
2. Trwy UCAS — ar gyfer cyrsiau ",
16,Cymhwystrau mynediad,cy,✓ SUCCESS,2884,3,"Science, Technology, Engineering and Maths (STEM) | University of Wales Trinity Saint David",Stem,https://www.uwtsd.ac.uk/stem,". Get in Touch Explore our Facilities Motorsport, Mechanical, and Electrical Engineering Facilities ",staff_contact_query,Contact Us,https://www.uwtsd.ac.uk/contact-us,"Absolutely! UWTSD has great in-person support. For academic help, start with your Personal Tutor (fi",Top Things to Do in London | University of Wales Trinity Saint David,Top 10 Things Do London,https://www.uwtsd.ac.uk/london/top-10-things-do-london,". For those seeking an oasis amidst the skyscrapers, the Crossrail Place Roof Garden offers an impre","I notice you've written in Welsh, but the system instruction tells me to reply in English for this turn. However, I want to make sure I'm helping you properly.

You've asked about ""Cymhwystrau mynedia",
17,Cymorth ariannol,cy,✓ SUCCESS,4015,2,Money Support | University of Wales Trinity Saint David,Money Support,https://www.uwtsd.ac.uk/study/experience-and-facilities/student-support-and-wellbeing/money-support,. That’s why we’re committed to providing comprehensive financial support to help you achieve your a,Undergraduate Funding & Support | University of Wales Trinity Saint David,Undergraduate Funding Support,https://www.uwtsd.ac.uk/study/fees-and-finance/undergraduate-fees/undergraduate-funding-support,. We offer: help with unexpected financial difficulties budgeting and money advice Get help with mon,,,,,"Shwmae! Mae'n dda gen i helpu gyda chwestiynau am gymorth ariannol.

Beth yn benodol sydd ei angen arnoch? Ydych chi'n chwilio am:

- Gwybodaeth am fenthyciadau myfyrwyr neu grant
- Cymorth gyda'ch ca",
18,Gwasanaethau rhyngwladol,cy,✓ SUCCESS,3665,3,Student Hwb | University of Wales Trinity Saint David,Student Hwb,https://www.uwtsd.ac.uk/experience-facilities/student-support-wellbeing/student-hwb,. The Student Services department is a collection of practical professional services designed to ena,International Funding and Support | University of Wales Trinity Saint David,International Funding And Support,https://www.uwtsd.ac.uk/study/fees-and-finance/international-funding-and-support,". Our university offers scholarships and bursaries designed specifically for international students,",Swansea Accommodation | University of Wales Trinity Saint David,Swansea Accommodation,https://www.uwtsd.ac.uk/study/experience-facilities/accommodation/swansea-accommodation,". There is a diverse range of student accommodation available at our Swansea location, from stylish ","Shwmae! Sut alla i'ch helpu gyda gwasanaethau rhyngwladol? Ydych chi'n chwilio am wybodaeth am:

- Cymorth gyda fisa neu faterion mudiad rhyngwladol?
- Cynlluniau tramor neu gyfnewid astudio?
- Cymort",
19,Cyfleoedd astudio dramor,cy,✓ SUCCESS,5350,3,Rhyngwladol | Prifysgol Cymru Y Drindod Dewi Sant,Rhyngwladol,https://www.uwtsd.ac.uk/cy/profiad-chyfleusterau/rhyngwladol,. Ydych chi’n fyfyriwr rhyngwladol sy’n bwriadu astudio mewn gwlad wahanol? Beth am fwrw golwg ar ei,Summer Show: Photography | University of Wales Trinity Saint David,Summer Show Photography,https://www.uwtsd.ac.uk/summer-degree-shows-2024/summer-show-photography,". Thanks to its interactive character, participants are encouraged to take part in the process of th",Swansea Accommodation | University of Wales Trinity Saint David,Swansea Accommodation,https://www.uwtsd.ac.uk/study/experience-facilities/accommodation/swansea-accommodation,". There is a diverse range of student accommodation available at our Swansea location, from stylish ","Shwmae! Mae astudio dramor yn gyfle gwych i ddatblygu'n academaidd ac yn bersonol.

Rydym yn PCYDDS yn cynnig Cyfleoedd Astudio Dramor a Chyfnewid i fyfyrwyr sydd am dreulio cyfnod yn astudio mewn pri",
20,Ymchwil ac arloesedd,cy,✓ SUCCESS,4831,3,The AGC: What we do | University of Wales Trinity Saint David,What We Do,https://www.uwtsd.ac.uk/agc/what-we-do,". Technology Report, Margam Castle Alun Adams collaborated with David Dungworth of English Heritage ",accommodation_general,Accommodation,https://www.uwtsd.ac.uk/study/experience-and-facilities/accommodation,UWTSD offers student accommodation at the Swansea and Carmarthen campuses with en-suite and shared b,Camau i'r Dyfodol – Phase 3 | University of Wales Trinity Saint David,Camau Ir Dyfodol Phase 3,https://www.uwtsd.ac.uk/research/camau-ir-dyfodol/camau-ir-dyfodol-phase-3,Home Research Camau i'r Dyfodol Camau i'r Dyfodol – Phase 3 Camau i'r Dyfodol – Phase 3 Call for Sch,"Shwmae! Mae'n dda gen i glywed eich bod chi'n diddordeb mewn ymchwil ac arloesedd. 

Allwch chi ddweud ychydig mwy am yr hyn rydych chi'n chwilio amdano? Ydych chi'n:

- Holi am gyrsiau ymchwil neu ra",
